cookie_id,score
ck_315fb710a0e371e7,0.0030671605553406357
ck_a76ee3b3e3e522fd,0.04699788019581513
ck_94c9a4d382689e82,0.011323632399981227
ck_8eaf9509ad9462a0,0.003259518809827728
ck_9a88a5a989cb5bc6,0.012907616032902913
ck_15239ef0689c1a35,0.011394100863313108
ck_8de69cd219d3b87f,0.0843752926649908
ck_f92cd37022b0ce21,0.016240219553981913
ck_1a3ff7620580a514,0.007793781129630154
ck_397c03aa33a57310,0.1275018531133647
ck_a7cf6c3b322f6b7a,0.003982978402332369
ck_c39a9e75760e3201,0.0026898000798868966
ck_88ab6d245228c38e,0.0019851719009247428
ck_17733f75ebdea93e,0.002504504848216583
ck_58eb871e8d7bed52,0.011557387962490388
ck_e55b7fa67db1ec27,0.003933233674925381
ck_62f5cfe22c952694,0.05319156249559671
ck_7fbb709a0fe95759,0.006516817063310307
ck_87abe9cd066a20fb,0.019982423741121406
ck_d58e058b5c553dd5,0.019959556942434478
ck_d27b872648b71202,0.0076632691777160115
ck_4b4a3c5b95c55b43,0.0029225991070831463
ck_66dd4f4b4127256d,0.004279643849486377
ck_93cc12703b500613,0.0764840350364381
ck_d28806a2179092eb,0.9802369052387447
ck_0595c2a0c7881e05,0.012333649743376862
ck_50087d8666191144,0.3278719039915593
ck_b08b3f089138c901,0.011522718184116673
ck_fe3b67041dad2dd1,0.0032860668646633386
ck_8449a28f7d475d93,0.017714453565851444
ck_8642e3b6d84f49d3,0.011149676807320959
ck_e49b5e4f2f2e79db,0.5002836867282098
ck_437afe412ea4259c,0.0906916907510437
ck_569b83668d74042d,0.04981875246494774
ck_233a487d31c3e631,0.9851967919399506
ck_1fca72e03143a645,0.8998202905890648
ck_79205e31223df2ad,0.0907797305402826
ck_9625a64406ea16e3,0.00590676553870398
ck_079bd18dacb704a8,0.2262075271227794
ck_4db6d4fd2b49aa81,0.019511608036184062
ck_0dbefdac0a1868fb,0.00266085403079626
ck_24ff97ad90bdd69a,0.055900482927463524
ck_77f8c5042065d506,0.004734495595374764
ck_f11be8ce05382cec,0.013476415597876658
ck_c9d72140b0389216,0.01637199445128335
ck_69eda24e931fb36a,0.00381303128111626
ck_ed471e496916ee15,0.0262542133892666
ck_ff090498c4b17ac3,0.0038485690466200035
ck_c3c19d6a0720915c,0.026198563757817803
ck_af02e1817cfa40b5,0.006447755219950776
ck_2df5a9fc87553eb1,0.005350615199534811
ck_4ac918e884cff336,0.022463059660099406
ck_ca149244b54ef3ad,0.001450539105914242
ck_6babe5b8674ff51f,0.030507580365189847
ck_1573878386886290,0.008219372411214768
ck_3925f8565abb7fe4,0.0025522490671190125
ck_c4de808ae69c771f,0.002360780840077038
ck_a777c813551281fe,0.0055446192174645565
ck_df4424f6dd85080d,0.0211827649141971
ck_85e5494ec20383ae,0.01775595807158957
ck_f71a4094e889c3af,0.015374514912632779
ck_f2f3cf9cd23b2809,0.027545772343051493
ck_18e2076397bcc211,0.02326835240679401
ck_c9f9fddef39bc664,0.0395799532659578
ck_7e826e233d6ea028,0.015216755900423989
ck_62fd7eb46bee9210,0.013626240557780726
ck_206f8e3cd72768f3,0.0246125079376424
ck_aa295a11b0a6ab36,0.02960334286181253
ck_9a56739d81f84a53,0.004234355912549192
ck_aa075c418ed9fe5a,0.053979578228555807
ck_62b9fb3db284941b,0.0033371935852891284
ck_f4f83b1403ebea46,0.011778502472566626
ck_16b66bd803288bc3,0.28196772361017414
ck_c4ca1434f3778f1d,0.9881455240914937
ck_1b823610371a29c0,0.007024844399376262
ck_c2bd5a722aa637d9,0.008574740766418827
ck_7890208951df34f0,0.013179517811585436
ck_020eb0e454524ecd,0.004234492044008448
ck_3b66196ccf436c35,0.006442027917749412
ck_109fc467ec0a4af5,0.08426300350010565
ck_f3dcd818db92de7b,0.06158254759924896
ck_31e7742f160980ef,0.010943155622956904
ck_77fce5f86f00b8f4,0.2630089751082905
ck_46bc797b4d07d607,0.0035867685529441785
ck_37899b1b571b1c6b,0.01309710330591047
ck_ef8a6af43fedd464,0.002301788362703374
ck_bcc8519fe8521038,0.019739663619211312
ck_90696b7182dd9129,0.014333740949844694
ck_4a24ad61d017e1ba,0.022411014150985335
ck_0acc3d8c67218b9d,0.003158974570737547
ck_05c97fc9de11aba6,0.14395274328268004
ck_f8ac3a0500c0ec62,0.012115645109331368
ck_617b65141f546a1c,0.009539589886118558
ck_9d00823bf60388d7,0.031042263299805386
ck_123c15d93f1840f2,0.10067516759449244
ck_573feefba6bf78bb,0.15447774206462522
ck_b25657bd16739036,0.011126065351366933
ck_bd26d2bef14a8597,0.014040001817636117
ck_a553418f2fba1440,0.006273612515677144
ck_89f3e380b0686963,0.026500174380565306
ck_b359192aa659bdce,0.009179108241167026
ck_02241f3dc301bebf,0.013018941451336473
ck_5ccc1a1c78cb33ee,0.025069642620303725
ck_349cc5edda1b8853,0.0223021641820594
ck_e9f228845bf6e28b,0.05065587524952228
ck_0a45d033d4e280ea,0.020170944885283964
ck_7e63168dda612235,0.00429914793001663
ck_676fa5f6aae5475b,0.005769631030633732
ck_74b502b20690ccfe,0.00882996963176397
ck_073509af21dd7f5f,0.6859670829126813
ck_498a0acd450944d8,0.002118261155389542
ck_7f15b50b29dead01,0.011786724642460517
ck_8089fe7403c5f537,0.01051050967122939
ck_05b2b04e11d9ae9c,0.022944172380596328
ck_31e70f2f04b48b88,0.003546745906020238
ck_994316fa5a02b319,0.0016439759999750615
ck_b76510998b9a2260,0.014539117174781228
ck_4db95c310e105d30,0.003988402621246029
ck_6f730b77dc6cdb84,0.0035705838447651814
ck_2493ee8e7b91d304,0.03683306350319156
ck_92d679d6ac7dcdcb,0.08067553901007596
ck_3a0e0200cbb185cb,0.010084862351944801
ck_0b2eeb4e00ff7955,0.023961582933415382
ck_9843d0e61c37ebe8,0.990732347139681
ck_e61c8721e3ef1921,0.00822957948272509
ck_2e0eedaaf2980c2c,0.008519339794387789
ck_9036b2e5e9298a34,0.005717727342067639
ck_3265442528d51728,0.0028628574581271733
ck_f2ddae2eb1cb29b4,0.0041905963800441
ck_6cfa71d27fc27f92,0.013249547127558348
ck_f3199fbe84a28b9a,0.05692684564166526
ck_b78d785ca3ef773a,0.015754865856303087
ck_374865697f1480eb,0.022409938372686598
ck_06d0e4a9189302a9,0.026745981325522358
ck_9c9884b9bcaa552e,0.11508949164051045
ck_fd4cf578e87703ff,0.020541795809229508
ck_1917ef3e6e345549,0.11946215423580475
ck_e70418b00cbbbac9,0.04858378095691377
ck_a60388296a47062c,0.025719404546289466
ck_d598fe8d2c779ab9,0.01105917378441972
ck_646dc03de4c31803,0.8774035714782645
ck_e4fd8cbd842b6993,0.0037199817862862057
ck_2225b555aa2a42ed,0.05842715170164543
ck_6be8ae9d78148882,0.00861781671643769
ck_4199342d3aca74e8,0.03297067677296508
ck_779581adb573261f,0.006993421864682846
ck_bb303568b6915205,0.062412484931533056
ck_17c4296276448afe,0.004512345116744344
ck_a60a61ac829252a0,0.006155263065014308
ck_6ea70950c1cae00b,0.8483399444508818
ck_1abb93f6924645e1,0.017798845085836054
ck_faab769cce19879a,0.08997836790526155
ck_d5b8e74e7ca6355a,0.009890986016679594
ck_f11f7691af16ad07,0.0036236273467707926
ck_188fdf2be7c92e9d,0.9911437169156794
ck_4a103f8254b366f7,0.0075119482280249
ck_bfa17a0b1760e616,0.0027217469904080413
ck_a4d7f6a5869d440a,0.9550700295025187
ck_58e20f5a3e7f11b8,0.8706596086169729
ck_4becdd3d2696c7ba,0.008824802479497984
ck_dad5cf32ab9f243f,0.0061028826379608955
ck_7d9f73dc7c4f90c3,0.10400346191164672
ck_c19371047a2d011d,0.007372760287413082
ck_247589ff532f7aa8,0.005910189309223464
ck_7a9f241d5f082567,0.0029754916995246754
ck_0a2b7078736b4dda,0.005205407579983624
ck_687b412e2aac7eb6,0.018906526242426752
ck_fce0b6855886a0b8,0.007523956723761653
ck_e291cc60920456d0,0.29943622651381335
ck_04219a7ea798db51,0.019398901647239186
ck_286bfd719836e9f3,0.30788011935434983
ck_55efc92394fee232,0.021724612309315716
ck_e36c8da1bd359960,0.03886961182759841
ck_34b0988a97d96902,0.005961422225632385
ck_e0fb11fc9dcb34e6,0.010269959828164065
ck_bcc9cbc9ed8b7c31,0.017931102492317948
ck_3df8da6f60a89a5b,0.010495813579867879
ck_b1495ee5c59a6b28,0.013581244585356646
ck_58f4c3ac61fda129,0.023345906535358917
ck_735f244b99e3aa8d,0.00559491519190342
ck_6b93bd8abf87b1d6,0.8657044992326492
ck_12107dacc6d05bd1,0.04237552409532704
ck_f96db2a1f3448d1f,0.026494441836144036
ck_8fd91a3c99e19097,0.01947263451929071
ck_910205d25388a0ae,0.0032149148882638836
ck_d229dfa0e4442628,0.0025317563113927345
ck_7cdec61e1c488798,0.0716627627225345
ck_f66f06e24ff32671,0.010248344123783512
ck_350bf14e90b503f5,0.010130933212482224
ck_61fff5fdaadd394b,0.005852891396955707
ck_e934f984bad2ff91,0.6471256138609951
ck_ff6a6d3547dd2d37,0.014411532366761678
ck_65ad9b15979e3247,0.024465368367211218
ck_bbe1a2ea5a403ad8,0.8042205222599119
ck_6f3a28eecd2c4031,0.006298861189740267
ck_a89b66665714058f,0.007130319913039833
ck_918c92182b6817cd,0.00918270837948619
ck_64f5eb4be9e7b8fa,0.04109435875683581
ck_d021fd497ea35fb2,0.015521630317305551
ck_004de16f7d8a42ae,0.03250433600841432
ck_a33d2325f86ab12d,0.006080059624596276
ck_89790ff26c844bc6,0.019863814322437175
ck_e6e7257377c37b28,0.1773956890611421
ck_a2cc3910a641a808,0.5993638464381991
ck_646e270e0195bf05,0.013307473875449559
ck_baba5d66def0d770,0.14131226115065237
ck_67cdcdda3033842d,0.20699808387374644
ck_b5c3075c811a2216,0.05507369744138186
ck_515379973a8044b8,0.0023424615025531364
ck_c0ce85fb4109567d,0.01786647528929849
ck_fef850553862aaca,0.002109615267926463
ck_55d7217b0aff9fa2,0.09088527391187148
ck_8e139f8925ef7968,0.01522589367159986
ck_9e35b908fca1e4d7,0.0028233346045975632
ck_59735f4ab2ad3da5,0.013647414081479405
ck_dc569c1167ccec0d,0.8145727091069311
ck_1dade5592f90a15c,0.051217736741769666
ck_793048d11fb8b328,0.06201389824799103
ck_545b71eb4fa594b5,0.0028609875419720672
ck_bd30853e9a57b544,0.016497172438378713
ck_59f46321ecf6d306,0.007384595515803117
ck_260cfe9141d249f1,0.38120797724672517
ck_3365a0ad1a8aa83c,0.012136616539912132
ck_b0ef193195a2138b,0.008548937823871358
ck_0f909705e2e60f2f,0.0024596043657889124
ck_5a540b75c866166a,0.038031838070675505
ck_87c26b2f41025109,0.9656186934380747
ck_27acc9f320cda104,0.3790385621991021
ck_a27bc31eecd9cb9a,0.01812430553763285
ck_115d86fabde77b65,0.006018807715122453
ck_eeca179341d56f8a,0.660887963665012
ck_8e5999c436cf037e,0.004148736768463429
ck_510e7c5df1f95d90,0.978267982269571
ck_f1acf73363925958,0.010029822570458698
ck_3c177f5970b68bd3,0.01384357278679377
ck_9cdfaa1c30cc9d32,0.004035598580234692
ck_c8efa1538b37c359,0.00588350372774555
ck_a8a2e296f9804bd7,0.018661037758148046
ck_91a0ca45f429568d,0.009875484284934002
ck_5fdf8a0bdbd3ed62,0.018507063875571418
ck_0f4e2ec66d50da5f,0.003543637620741755
ck_28c53b214b2ee882,0.07105457899736442
ck_003148504557f720,0.18624578014118923
ck_01d840cffb870615,0.41246134871849716
ck_555848d51f4b5f35,0.020561859768542627
ck_df20cc23b8fb8e22,0.00870096568284078
ck_f9604adde929beff,0.003301930408743651
ck_d66952b03591bdec,0.0032366056420975045
ck_ddcac1ab765ff61a,0.0298882551417313
ck_347386629d96c664,0.016340468048850018
ck_ab01db9117acfe3d,0.008907099933308418
ck_58e5359efc52e0ad,0.0066703945266383515
ck_1a524b5cc8da71b3,0.03111649179347687
ck_e9287b6d909d731f,0.004110123281867692
ck_bb41a66e3d90263b,0.3122630120548726
ck_e95c8cc1864bd584,0.005025457434067989
ck_7a3f2961e9a8b6dc,0.005826503186141243
ck_378a9df82b1e0bee,0.08754677040828765
ck_42633573639a3f02,0.9557863412631118
ck_2a5a4c18c2c7274b,0.014738579483024147
ck_77549c1a41f837c3,0.013688188500446674
ck_a26704b5b26258b7,0.0207030343702611
ck_9874ad160efddf50,0.00589476856784739
ck_9111e3a04b14dfba,0.011372268812849534
ck_651e076ee43aea85,0.011709569714412414
ck_391639c0f13932f3,0.003814254522934997
ck_02dbabda93c8c13d,0.025982135642442936
ck_0adcb1fffcb0a34b,0.00969515883696412
ck_7a43ef9c7b1c67b5,0.0015684887629391641
ck_4b9dd69946438d0b,0.01790846808787432
ck_90bf017cdd37b66e,0.02689663123634138
ck_61c74163eb36556e,0.008628415493143509
ck_13376c59b5bd6943,0.003995703128373755
ck_62337eccb1672737,0.004412488533865378
ck_16077934338472bf,0.002765170464830896
ck_0d4dfd93086e7330,0.009138533977346033
ck_3865b7525b910893,0.016902693552480325
ck_7e2ae8b69ebd5675,0.009009135437518244
ck_b4384b6c11766ce7,0.005849547702496248
ck_3d7fa32dfb9fc692,0.04301422063057583
ck_f4a6a7cadd6e0603,0.06835319801823946
ck_212525e2828a6c45,0.004011602239110261
ck_33ad8d53394ba77a,0.4682864366949589
ck_a5051eafe8b51224,0.005540427919252593
ck_f65e5ff7da565f91,0.00476259203904004
ck_5c37f7563fa7591d,0.014273949600692159
ck_f1e0a006068aff29,0.018942634935042526
ck_c646cdead6fb79d0,0.005397103720638672
ck_f8b3cdffef535330,0.027151901583174105
ck_e5cdbe3aa12c97f6,0.0050839556399767515
ck_986e4e61440506d0,0.02636351831894431
ck_6da9c5912e15d9a8,0.006698942818586142
ck_51d842e6dae74c71,0.006160420683595683
ck_5fc65c24e0736d5d,0.8207198154224095
ck_babb95a76c69509d,0.02726199677633
ck_86a2d852a9715432,0.008049139557457752
ck_db4083a0d043def8,0.21693959259398857
ck_96953b8945b7d403,0.005551919776110661
ck_7831ca5c31fb3859,0.037429458528924486
ck_60ac5e5f375daa38,0.0025045978128827146
ck_05d44eb1f5f085ce,0.015241012474433343
ck_432cc19c7eeaa46e,0.020558871721054712
ck_7fc513033af061af,0.11254314341770429
ck_ada6ede84c111719,0.0061636688355452465
ck_6343e0d3b1c2962b,0.022123834068982547
ck_010264ae04f2e902,0.03545095329562481
ck_e9dcf535f8c289eb,0.04110190984778751
ck_37143d9cc296e6fa,0.004445735611662425
ck_61fa051192f3e810,0.010400473896605545
ck_f9f93d1d41be1468,0.6594725173456725
ck_c4f4f28457be8a74,0.0021589202960002516
ck_323a71f9452d21cb,0.8594717747227945
ck_170f4688e0acd875,0.10909261314936491
ck_869b1878d09d230d,0.3363917741442052
ck_2f6b33bf46976229,0.00858106613887758
ck_b11e22e75d9b99de,0.0035205482272262245
ck_123d75ffb75b606d,0.003289636218788724
ck_94295287a04c85d2,0.04203432323674344
ck_1b0434f096795328,0.0035766184126190628
ck_0a4e191cd0a57ce1,0.00280951931473485
ck_d2fbd0df99634676,0.008656207293962496
ck_d51df5e9fbbbcc94,0.015815135762930223
ck_2d3d7d64a6f443f8,0.009141784471991496
ck_731943c682c9394e,0.007088469828831199
ck_5ccc0c94e5e1f849,0.010494754581055095
ck_c3476080516db25d,0.01592533356667011
ck_5010ffb1c94187b5,0.0036806855805063647
ck_7ef666d67bc70223,0.010897124572037049
ck_c1b493527224a27a,0.009392717439318778
ck_5d1e25d7acc5af9a,0.023185308813205883
ck_ec30b61cbf517db8,0.002953393936066501
ck_79323eb5d2e5efae,0.0073827854458001696
ck_4085cd3bf2661518,0.008221738699157115
ck_2ca91214c357c072,0.12457256416781669
ck_7f3132d6be389657,0.12209727634314153
ck_e7a6b925c8f39a85,0.3160397996704981
ck_c886adec7bac250a,0.01697189615521131
ck_c3f360c2d0ea0a37,0.017641755125767843
ck_a7acd5b015823793,0.006004108239002792
ck_9d64187c0800f84e,0.010420681422160651
ck_5d4ed73b9efd7d11,0.007575120241235603
ck_874eca6776b34dec,0.004093669003258571
ck_96a9221a87be93c3,0.026794297245056154
ck_68dd79a51eabf5e6,0.06917985542559925
ck_8311cb6755b2016c,0.003657131432800003
ck_16fc77b2bcf5ec03,0.9733378278126034
ck_ad9e2088a33c8c72,0.003034812321285347
ck_7176bbc97b1e42a1,0.004812841990033797
ck_80dfa54b30f65fff,0.46200832741367154
ck_31c54d540b128843,0.005348510244516903
ck_43ea894480567274,0.007986876055595464
ck_9c9e8a38bd5a6c88,0.013019192484281593
ck_1c2dcae19539e148,0.04932709460693314
ck_b0fa8b84e94d8ae0,0.023894804158084763
ck_4ceb43ccd0a81c2f,0.004261836451609225
ck_ba845332b730b596,0.003405149391885722
ck_73d3e8c6077f61e6,0.05298787739038412
ck_b5d0d223ef56473f,0.014771451484995
ck_949f08f8e80e93ea,0.0033973355989895195
ck_73de0b49709e5f8c,0.004863120292419034
ck_b5935e9722a39819,0.08054802078525924
ck_96247fee0eb44420,0.004566859987037753
ck_a6def1e4b2d57e0d,0.03706672317537292
ck_aecdc5a96321a2d8,0.03571419989558075
ck_bc61c59970f8de49,0.015456746743165295
ck_c43b4175fc9ac5bd,0.7252439571218187
ck_8ff7a9b23a55fd62,0.008745610233450251
ck_20c99b645f462449,0.007030486427458536
ck_a5ce2ae36fb410d9,0.0023227310407226373
ck_96fb9bf556842bbc,0.03617302141663142
ck_b5e4c6dbbed1b773,0.026003931814871813
ck_2085433978e72ea9,0.051459840274727275
ck_2c6b174b063ec637,0.008144502079976856
ck_b20b81b88dabe28d,0.0026119052223373272
ck_243c18dbf150831c,0.003385407735014094
ck_2bb6a17e8eee35cc,0.023009497510795094
ck_66147fb994495396,0.12192091584625007
ck_73f124f075ede0fc,0.003826509307635228
ck_2e315f1b1e533dab,0.006898443340267986
ck_16c7bf94ed3e7a6f,0.0033363549231804185
ck_4a0eae220a762ac5,0.022079843334821988
ck_dc16f939c2f44ad8,0.06893826674962494
ck_817926b449754917,0.010955277222584017
ck_0c0dde42ab64ef87,0.008891918483787958
ck_cb3a40594da6a2ee,0.017586773005249544
ck_d0dc156441fcfdcb,0.08871752739089109
ck_66f0945add423e9e,0.00290280423126098
ck_a74f6a3030f5d495,0.04504166530194041
ck_1ae460f331e49ae2,0.03944772278836394
ck_2d177b2f4f0b40c9,0.2314231485956418
ck_92e474e4368c4791,0.013053797409051169
ck_3dee83fa2d109484,0.003073703051247481
ck_80e5ea27848069fe,0.006905353783876102
ck_ed0c4a83701ca230,0.033512966881908655
ck_0b8b7c5c581fd161,0.0037881211484868246
ck_60bf8a2870956fb1,0.008142472560817706
ck_73a54b56a2bf35fe,0.8479444465172565
ck_2296d7a563424883,0.00595260460965676
ck_bc19c383560c7477,0.059553938924581
ck_861d8e3d88f1079e,0.020238677270010767
ck_3f090fc96c24eb28,0.01543713947608368
ck_9a6a1f8102febfca,0.015385061452086617
ck_541b6ad5d2fa5a39,0.026019158932004727
ck_a760d38d1bc4de97,0.004107452252029754
ck_7dca4d7ee10b4eeb,0.0048835017370155885
ck_15220e78d1545e40,0.010174316839744046
ck_ca24bb0de508efb0,0.003734405754531845
ck_56b389627d8f02c5,0.9901178336742742
ck_48a6754977a44db0,0.006742807672437722
ck_333a43ec339a04cb,0.04010763991659311
ck_f22aacaf86a65d7e,0.04071726256268421
ck_04bd8a1ffaf3ffd8,0.001514689926745712
ck_2737a72de6b700f3,0.03298610974371391
ck_c35e03b0dd0c3454,0.012034104556535124
ck_e0571312f395cd94,0.02565658905163621
ck_09fab6b9825001b2,0.015154440225954652
ck_18c3a095606209e8,0.011872999723672137
ck_2a97db9377d01e36,0.004063194773815568
ck_f29dbbfdd2786bd1,0.010135703424241443
ck_35d6c510ad29362e,0.3449013139271127
ck_5468fa99c945d785,0.0127519340508092
ck_6f8102f62c876cc9,0.01774798692609058
ck_91955aab3424ad16,0.004249150302335081
ck_9a43c0c73a39d759,0.015792957266017732
ck_60b023af6d1e30bf,0.8341456867691313
ck_9704c5cf8659cedc,0.02924896223147273
ck_7e5f02b51b9f78bf,0.03726267977410032
ck_7d3a88d1aa649708,0.9292947588760921
ck_8250eddc1ecb07a0,0.018809841381569745
ck_d979ef95ee44023d,0.018476200259290768
ck_5e5461dac83531ac,0.0691124424354552
ck_d1bb8890081e0a31,0.011123277181001376
ck_32246c62640648d9,0.0021273157829091896
ck_77a40c7d2f862a32,0.03290467979449719
ck_1c8b94efe9238f5b,0.025035113776713948
ck_eaf3b6d11bc3cb11,0.0069914006871710935
ck_a4a7ef3ad799c380,0.008924648029429327
ck_d5bd8f68da073cd8,0.003320920518675802
ck_6e6258227fc8db7f,0.0533634257555507
ck_c35d444e05799db6,0.027314422831086992
ck_74665e1209140ae8,0.009468760473037626
ck_353a272478f7e903,0.029747658588059493
ck_a2c9796ea229a4e2,0.008466531397304179
ck_e0171f91cb3411fe,0.01971247993412449
ck_703499f5410280f7,0.004847959894010376
ck_ae3a763997f8f385,0.060055733155577856
ck_f7ff94c3df5ac874,0.02897426979580573
ck_f3c16d8f747db046,0.024476688674265074
ck_7ef019ed77276496,0.002951210090420479
ck_d6a4faadab58a3de,0.014912221940270583
ck_ba7b78d31d74c794,0.011391388607936153
ck_36287d063350ce9d,0.009557736555620651
ck_5177fc7137ff26ce,0.0031777110711319707
ck_dfd4e79aaa967b63,0.007872469635917602
ck_fb44d15fb93a7157,0.03226962754427808
ck_fca478361870a4ca,0.06300531336192078
ck_e57b94fe57341058,0.02034434307630427
ck_5448c946cc4758fe,0.011889942129839326
ck_c5ece5ffb8800ad4,0.007521735169875702
ck_11cb98211b2ed134,0.7829286270037695
ck_f655399ac75c4450,0.008987626043458196
ck_c817259019588d30,0.015905638019192658
ck_8740a14d8096c6e1,0.026628209787881427
ck_0c5ba86f4e05b38d,0.009797789952269247
ck_ccc917533d4b73d4,0.00896427112547111
ck_9eb80edfa43203de,0.0028254297208045107
ck_d1a1cf4cf61d6801,0.03170087506689336
ck_b17c239f160e6017,0.005536809227734087
ck_410c3e13b48e0415,0.0030894354278075847
ck_ab553954435e8854,0.8368089253978226
ck_bdbb4230c91e1604,0.017077255836016117
ck_8fd4937eadd64fb6,0.0032628577894855963
ck_e0e90b196bef3c11,0.006041608843907813
ck_3dc4d464386f0eb2,0.24033985350960962
ck_51bbbf8f8e8ad005,0.991037224745688
ck_c05737ab74cf03c6,0.05742786561109519
ck_dceabbe04d99afc2,0.004116100484264815
ck_5b86fd14e85bc9c7,0.5173501348743939
ck_d4febf0083800424,0.006528393762739191
ck_77d9f86dcf251739,0.028111591343918656
ck_b4dcebc543deaafb,0.01555602933607637
ck_cb856e75c949b0cc,0.010481932732959847
ck_61b067de8ffc1ca1,0.10856693437134139
ck_c0e8560ccfd9dd9d,0.004662237667556706
ck_173e1198c341087b,0.004716521347184355
ck_b4d55bc809000276,0.013988593715143513
ck_839bf139296b5cea,0.022202857323155478
ck_78cd402a2a4f2e35,0.0020081970194321228
ck_c2925c50ebacbdba,0.004762229191831929
ck_5e3bc76eddbdb0a6,0.001834843575585508
ck_b7793edca26fc512,0.015138572116432606
ck_d79bdf04d6f31cd5,0.0029905859116391258
ck_4b97d19ed946f503,0.04929451405528461
ck_37139b41c5370523,0.09280453410624653
ck_8c346eeefa9ce692,0.017932657993624514
ck_2ab7eddee2d8c49e,0.008211360306880666
ck_29da59ea3bffb9d8,0.058272712981302106
ck_c1d05ef0ec6e4be7,0.005160475135417746
ck_3882423b449f6291,0.916022205735168
ck_5647030283171ed5,0.6836702446930654
ck_efbdcd9c181e72ca,0.008589722072577504
ck_192fdad892782daf,0.08246696719205053
ck_0bf2e13b9f2601ac,0.07774357375407709
ck_3d6046a533057795,0.010392295138242807
ck_279a1d3a3836e5cc,0.0984495297677944
ck_c375e929becde422,0.011150401278569037
ck_a59e90219939a1f0,0.003657092113598126
ck_4e9fba1ec54c3ff8,0.007396511127844792
ck_bcbd8588a13f5eef,0.0028458117774041486
ck_5f9a7ff990341bdd,0.003738865665132302
ck_e0403d507519b7d2,0.00669362257993594
ck_c9490cb61aff5112,0.012134313220880643
ck_41dd44308e6a665a,0.09829999658254297
ck_76c23726cd7ca947,0.011382060564937374
ck_9be551300209fa83,0.01656305918775982
ck_a98848eec6c9581e,0.02166126658099569
ck_61176dafb33b2d8a,0.9635062669524456
ck_92de019e05971ce3,0.048300723621962534
ck_5d644224135d7c65,0.013535000989569904
ck_c767fc454fa215d0,0.004789076334407705
ck_5df85a8924e11f27,0.04926689369444809
ck_da2729307af06ed5,0.019705930830060975
ck_7c6b577174af7a78,0.0057060598386169635
ck_893b8afbe11301e1,0.01878897746847424
ck_e06f6fed020ae014,0.008001441130488587
ck_386680372fb54857,0.0038960825934374345
ck_7a7f3c4fe0c9d2ca,0.002773752347120226
ck_f908b527c4db422d,0.040615245562772684
ck_ec2eee6a133e9a6f,0.017505947456477045
ck_d98934f9fe0b02b3,0.004103940626526912
ck_398a1ed77b0130e5,0.01000199404049861
ck_d960af7a55b892b1,0.012900297513474558
ck_4637e54a9f79e2e7,0.007856711859099185
ck_02b9f418524f6650,0.006463633190235835
ck_d4b23804cebb045d,0.017995590493263033
ck_35b1939c48182a9a,0.0110131318304983
ck_2dcbb71e39d64305,0.014210558597676387
ck_47a884dec960ff2d,0.004061018504290747
ck_71fd8c346fde5cca,0.06190913030813739
ck_98e1992ac8e7d2de,0.14103642062955712
ck_ae7780327e210522,0.027823592726712882
ck_e6c584b4b1ad6d9d,0.012638348381369804
ck_344b2e326a6c3dcc,0.0030874703732648202
ck_9aa899a5230b0963,0.03341831562320044
ck_e48d14d5b70ef5aa,0.005223907210984165
ck_59d380a0973b3951,0.010018890901621683
ck_11318f7c041a5ba9,0.013595407057537715
ck_7061786fe2f22f5a,0.03445920346530118
ck_e77529651c416cf7,0.020689875524216972
ck_7f79878197340435,0.008262164820469447
ck_b0a0fb0ee9ebf106,0.0037919893693760132
ck_70c7679199776a90,0.011840053760350766
ck_b9facd2210daca5c,0.058670040339488
ck_9949f53c155b8dde,0.014541474430663663
ck_1c607e24f2c4397a,0.029456831757976525
ck_aefd1ce3ce093cbd,0.003281874658903396
ck_5a29b7018e43280c,0.0026911281623097603
ck_69eb0b2ccfbe5f95,0.0262524337654036
ck_fe037765aa465c58,0.0165297166223507
ck_5e512ef5362a3dd6,0.0027937737405617728
ck_544a9e80b7fdc279,0.003529217595497236
ck_7825494e654d5695,0.009475701777901234
ck_f1f2c3c623553f0d,0.0031409443836360644
ck_52730906e5b461eb,0.887917515806099
ck_01e0689157fe9617,0.45127570928678373
ck_9da82e567074da9d,0.011532004765815913
ck_6a17384072f904c0,0.011917731738930596
ck_8d84d771a21942a7,0.004264354473654595
ck_39638880292782a7,0.008565076721151277
ck_7d51c86e0eec72ac,0.022774904986047336
ck_45f4c821c70d134f,0.4767367285199383
ck_0af3c13ba56ce57c,0.010699672697567997
ck_0789a05e061b2784,0.6066241822887845
ck_6ba091eb42ffa9fb,0.3572399209387788
ck_265accb3c5c32620,0.17590483072900193
ck_179039559ff7566c,0.018452874538825104
ck_17c0a6a92b5765cf,0.007618643923035619
ck_59371c9140239fd7,0.00974867742295856
ck_f9c4f8b4ce2691f0,0.018844382448064113
ck_a2637e4872cf4811,0.18033145209464904
ck_1de43fd6c6c22a5f,0.16590026472343655
ck_6e4f31bd108571f0,0.005573639384773163
ck_da06d97db0b18851,0.020095556811365607
ck_e0346d5081e640e8,0.038862118097844504
ck_c1c7d4e62c9fcded,0.36985666422724767
ck_2595669e421299f6,0.09097717901575632
ck_3b6057d51fd4c7d6,0.005364395747582415
ck_c5f8ab515840a0fe,0.007818308162045212
ck_435cb24538c6f77c,0.029842026414531965
ck_d84b5403da4cea7b,0.01229685775665976
ck_c2b61a98d1c8f6dd,0.7734511792660544
ck_c9dcd92b2f836b61,0.05264778266630326
ck_9eb5b3f5f672c2b1,0.010795094451447293
ck_e4cf189a8d31649a,0.004132686697191986
ck_6b114f2a48152b96,0.002922246745602715
ck_3fb95862b70f505c,0.05610322870936812
ck_7f780f465c29398e,0.0074293066165641635
ck_ee387f9da79e67ea,0.030393224755232706
ck_fa3b1e85d27af2ee,0.015020232072746135
ck_e739eaaa7a1822f2,0.025856248642822634
ck_dfa0ac11fcb1dabd,0.0032785155116289958
ck_6e8751b571ea54d1,0.012903276845894106
ck_2d695f8358383092,0.02077378415779902
ck_e7dce27edb700f27,0.016481120474586834
ck_e322da8b213eab52,0.00419500656565275
ck_d0b32e039abb8200,0.0183063983724991
ck_b354003302b272ca,0.009671429718623267
ck_f7485cba392bc294,0.15078229421328648
ck_d6a290ff8362c7b9,0.05681509908126398
ck_c56a44fe315c0389,0.008618182358231299
ck_f77dfe6512eae322,0.03506039655821889
ck_35fe969c58b9e70b,0.10767058532892335
ck_4c518637db2322d5,0.20522692508744136
ck_cb61902798ecc4fd,0.062101376802879235
ck_56e6cfa32156a916,0.005459641730041053
ck_343e6ed2b9d35c01,0.009193228687217662
ck_51440f64f7250ad7,0.019328442840190398
ck_295bca29c34cfe2e,0.10864279258103635
ck_dd30558576b45e7b,0.01716545025502682
ck_3a30132a57181fe3,0.02014259633189864
ck_4a733aeb833406f4,0.0040166580672221725
ck_1b0b7c3d35ab1259,0.030607525051828222
ck_962c3bbf27cd4b80,0.042185799151619664
ck_9528e1d6b1707870,0.02685191607672724
ck_b3263e7f31aab45f,0.016082545663566476
ck_e69195a3c885053d,0.0028666737016081034
ck_a907fa8795cd4baf,0.0026314307633341864
ck_205c3405045bd835,0.010617882447906651
ck_e81fc223bed3c46a,0.02966248191844487
ck_363751deae40edfb,0.08474818489049547
ck_6176baea8cbebbb6,0.008690363214756818
ck_633e6579f5c74a5c,0.45761859074242783
ck_ddc11fc481eef58d,0.014843933690475103
ck_e975002c979e12c7,0.08324871753894847
ck_8e039b23acaaac00,0.01693881316180921
ck_1d6990d94a4d2ad6,0.03216960070865046
ck_e7b583acaa3171a2,0.024646227232153352
ck_c0133f60d39b2fb5,0.009808794006600773
ck_7d6bff85e7a694bc,0.0031464936304829044
ck_d305b4d82f63f647,0.004456413563927046
ck_22bd0fc71f95e048,0.029161797640503924
ck_9a65fcfc7916f93f,0.003493348417256967
ck_d61c837b0106085a,0.03436373067613374
ck_be86a1db08dea456,0.018581219748639098
ck_90489c405e6886d8,0.0019031114236823026
ck_0add2c321d579d75,0.01946701052609459
ck_482dea6eed92cbbc,0.005270239633823371
ck_c24b47184534cc2c,0.9672378829337109
ck_fa04ac31e596e7d6,0.11234455048883323
ck_084322dc5a3a86f0,0.016215307305043385
ck_ccb72a33cc1877b7,0.03321216736891511
ck_afaf374009d3b248,0.013557553977678653
ck_b53084ffede19a8e,0.0023158823872225583
ck_4760216154c8cac2,0.6082248536330264
ck_37ad3a65db673e70,0.011039369890847455
ck_0c2932cc0d553694,0.00767077307302402
ck_86b853c52f20fef5,0.008578958103866175
ck_38703b7546d35a80,0.029120464215089455
ck_218b7e6e6dbd2da0,0.0073153698226108245
ck_402db4184982fdf5,0.014045885079961637
ck_f917c82af80e4a79,0.030878816933951277
ck_3c6417a233c68c73,0.015395720862181276
ck_98068c397d70dd3a,0.028532016762848285
ck_b1cbd6679c0f8d95,0.006582765721957784
ck_9e962f9bb0e7bac2,0.015282207006328236
ck_b08247c3ad567d92,0.2945865320199938
ck_3ef7a03ebb81cfe3,0.0020332280707305345
ck_5d7ae0e3562e99bf,0.06001755191689854
ck_c91a628236baf91b,0.15665183347095596
ck_7f8e816ca51755e3,0.4235490310676038
ck_5aadd286d188f5c3,0.00708592188144459
ck_a037aff5f8128c73,0.007846628588019386
ck_5df6529ce8290906,0.024570562160556145
ck_5f3609511443e5a8,0.0031171473151784925
ck_a6f61864fac3c8fb,0.010224785389880708
ck_2733fc6ba23ae46e,0.023099300861691423
ck_22bfb9246646eb41,0.9104590179727734
ck_bfc2a57d8fd1610c,0.10020657665519755
ck_49839e761d0e74e9,0.012565999368705063
ck_aa4ba931dd37481d,0.005793849125285697
ck_2f9fa0d61829f815,0.025220232077546118
ck_5b82c774df10d49b,0.002934880486305269
ck_411219470d0a195c,0.01907172202843566
ck_d07485ba10514a2d,0.4023862040027814
ck_219bef979ee21bdf,0.003411273612133757
ck_eb1006e7285184a6,0.08090700420236578
ck_fd242b18575e3063,0.018827393795363658
ck_95188150ff059c70,0.041534017882949414
ck_a9ca2f447b984a6a,0.02248465037794848
ck_2dd39723c4088b64,0.047354623678188545
ck_aa2b4c662ff213b6,0.038803452233807205
ck_1867b1199c864db5,0.020694513193641517
ck_850ec97a5a0dab9a,0.00794656695986261
ck_562320295fa35875,0.00262494374042673
ck_bab5759b07fe2bea,0.012899301608811722
ck_b9f1465d803e57b2,0.07710422237991149
ck_8f21f2690c32c691,0.057976261701764856
ck_df87d6f61a63eb21,0.004336274942323322
ck_770475876d0e7e6a,0.0031084517245116034
ck_b4c014d5c0cc9eb2,0.007160130311365428
ck_3add4d23124c9290,0.0034901565658200517
ck_bce5b7fecfb6264d,0.12370839720912094
ck_604c17cb97dc89be,0.03282921622375228
ck_e52cbcd9aafd26b2,0.00806138032559711
ck_0ac9114076f5bf3d,0.008272316183797868
ck_dcc125b178b79566,0.003931936270842296
ck_4e333c09f0c37dee,0.013261800846164825
ck_ff7e31ff8ba731e5,0.015195137556030299
ck_8d0532d24f1070d1,0.0024698773640526245
ck_3689fa41748a6f6b,0.1359242101663929
ck_7509eb97c1948b16,0.003791682378347417
ck_a9161cf1ca22a6bf,0.012210776170169763
ck_bed3e3db135b782e,0.08370992757913735
ck_9040edd974ef8e3f,0.5127991336920322
ck_fac32d76ed40f683,0.012811150229995249
ck_3d7b1078e2d57c69,0.004292616114045401
ck_dae09c4e074af5dd,0.012036612379946608
ck_fd84507228467b40,0.04060520702496723
ck_e2a2ce9b8cf44c63,0.010467679318451472
ck_cbe716f351d660d4,0.012873713936806794
ck_cba4162ef29a6d27,0.02035082789472741
ck_4f1e962ff8a29732,0.006276488200751264
ck_39a81899dded61e4,0.009213399953959507
ck_25382331551d22a5,0.013336758357125257
ck_6d64e1c07b19856e,0.0371788526251641
ck_165a868bdef28ad3,0.0767923513966834
ck_88774ae52e30e877,0.012053503099179392
ck_fc7a9d0643570053,0.002506497671053864
ck_c2017120b3b88a46,0.0035303394893117465
ck_d115ac6b9fd62a7e,0.008269481424650444
ck_439cf7d51ec7de0f,0.009435092871035888
ck_2468a7e9e68a0927,0.009755099145250669
ck_7c418947124dee8f,0.08359243064899699
ck_fb0cf32c4a56f740,0.015568099489460396
ck_694eb6c43193afd4,0.01956026751244441
ck_993beb188dd4abb6,0.0058418392278103415
ck_77fa39d3b733c226,0.06751072292491195
ck_49969a9abc47cb69,0.018981080494740166
ck_d3f44bbe2f7e9b2d,0.012012816534153259
ck_fcf5b8216d0c18ef,0.0047908427453442325
ck_daefe1e2d2bc362d,0.0045020736893755815
ck_9c9287cb28950eb6,0.026494590463159783
ck_c1d1a625b885a975,0.02245421928761341
ck_71b37fe47490b4ba,0.006634597922242559
ck_5d16e257c0635f7e,0.5499070801997649
ck_15918075563eb074,0.00197385522455735
ck_9a15fdefc47e8d11,0.00406845983778968
ck_6f04d047d1dde75e,0.0019429527335104793
ck_1af2c0b3b8d202c1,0.007851733017491537
ck_174be2231c5fd2b6,0.00421664835358499
ck_bb0713a2a1d65982,0.015675240360054913
ck_0daec63bd5b0729d,0.027509585873436066
ck_c0b5cc3e8ad2ff44,0.009188897088135877
ck_35bee1fc12664644,0.08254560616161617
ck_a1c7cf63467df4c2,0.0026461676228619383
ck_ecb1e15f0b185ceb,0.019963707065277593
ck_f280d31f54a4710a,0.007947191489395372
ck_30f4b2ee8abe1342,0.05912006757853259
ck_66bed631354de5b7,0.004987916223738911
ck_c2d3ecd7278eba2c,0.0049965165167071435
ck_e901dec0e09eccbb,0.0027914861067350094
ck_5d038ecb3c8748a3,0.008046519019864036
ck_283c5bea94b21e80,0.005625567382981769
ck_7956c251b85f009e,0.7045816278288187
ck_9f5f81d771146aa1,0.0020972367286313173
ck_9323e6fc1e168eda,0.8106847712369343
ck_10495d3a635b8d69,0.09962468852786188
ck_1982d571cd36eb0c,0.009538601891268653
ck_4f5d7985bcc2eda4,0.003664712072470701
ck_7df526b2b4410bb4,0.04190471388884831
ck_dbb498b1a346a402,0.00285741208581619
ck_ef059997563e3330,0.006315178880355043
ck_02ec4e06709e6b82,0.006429116878489434
ck_9782c86ba6485f88,0.07325606538829768
ck_d69de468b44143ca,0.006642902417063598
ck_6430a8792f400e0a,0.013926807952006568
ck_8285bd3c90af94f6,0.008055169488397183
ck_985c9ca112000e9a,0.015286528759921205
ck_e679fbf4f4f4aa07,0.004359699332551173
ck_016e8c8eaf9d511b,0.04140926756677823
ck_bc996c523944644b,0.022842822506845235
ck_5b8315726f6204e0,0.02044565365577603
ck_78181f8e998e442f,0.009719917210658693
ck_71c68dfd011dbbbe,0.7408365286880161
ck_db32c95ce2b6f502,0.700973645464
ck_755010362a9b1bc4,0.0015971873984489216
ck_114141d85256c9ff,0.0024028261061367867
ck_9d1a5cf5a3b87e48,0.01338821621637466
ck_ab640420858ab5c4,0.024862547795372485
ck_97a8dac48dd62488,0.392098268665227
ck_879cc3166fe1bada,0.004442730198041733
ck_b0ed11080076e381,0.006015294891871651
ck_7334a9ec656263b2,0.0076162806288103515
ck_6494f0ef13ce44d9,0.005743903132918849
ck_724e459b9ece38f4,0.024065659376857163
ck_7fd8b1470401695f,0.8465188478670551
ck_292f81186358b0fa,0.0078079558825135675
ck_fa7de64d37287615,0.017848788380205885
ck_d00e09e66ed6458b,0.20088702983535747
ck_b8d210e741be186e,0.006214267145870849
ck_3db59982cbae4410,0.016831860157365455
ck_69887d0a9aaca6df,0.002834186320324957
ck_4feb21e2fb0b3977,0.007320141491342778
ck_08c6cc1e143475e3,0.0043259952260746165
ck_fe6e168cdbb46b9a,0.08508973350183639
ck_07f1734be7fac56a,0.021822795457821367
ck_d66d59981307db93,0.03851616663750995
ck_f928dba0d587d7c1,0.005267121437082878
ck_786448fe3004cbd0,0.003878803795545046
ck_29ea329fa40ace62,0.01184088377650246
ck_7ea52b6f27edcb73,0.013746559870645287
ck_18bc51bbf3ef198e,0.04585864964653706
ck_44950df09ff14ded,0.07167576011691364
ck_c1466b52c0a10b93,0.021057110823444164
ck_6cdac067cc4db5c5,0.013292051092259458
ck_53f55c6e8cf2d432,0.0026716461642628036
ck_95945f48453ca532,0.01064324784727739
ck_87cce4126e215153,0.012106988799433959
ck_1ecd5516c92caa4f,0.0019720854031099974
ck_819b482bca14c068,0.18006744159208177
ck_a61a879dd46fc9f2,0.02242979865635274
ck_af70aa32c009c3c9,0.012643423113993569
ck_f4fe78e249092ab1,0.02499048033211735
ck_12c46bc52bf45b36,0.010181813713622607
ck_f05f5e4b40afa52f,0.11098159709742215
ck_0f8cb09d3f4fc980,0.0780372771582198
ck_80a64a7f0275a71d,0.00879934952342186
ck_683af7b1540a0b22,0.011988076291141476
ck_51fe0b613c076cbe,0.00834614444306542
ck_da1a2450219dcf19,0.10006522164509929
ck_2a7eba01ceba6c2c,0.2628123568982219
ck_4e329e29dfa743ea,0.4006388710657115
ck_0274d881d6db82c8,0.0062954377611528205
ck_0af5b7d128035b35,0.005997384611249789
ck_ae0a7be6b0a0ea68,0.013310339541901021
ck_de5bb7a4d091386d,0.29471828085512936
ck_2bb7c17168a9d17d,0.005727218630677549
ck_0ffdff7b2f5fdfe4,0.02260202755661095
ck_718a8390b3d42d7d,0.005336497966302702
ck_7c4f12d70f184533,0.0033840972676412173
ck_d3e2c26b8adff099,0.01384923563654561
ck_ac9d3d9754104cf0,0.004043896852217027
ck_3b1766a1d51f8f0e,0.06408267402190537
ck_a9bf75bea912027b,0.02783330073056457
ck_687eab3ffe1f8cfa,0.0372212594145922
ck_25dd0b02af5b2f37,0.03254392758578747
ck_1747fcc466f0ae38,0.0024222166917650294
ck_f6e9d14dfb6f3c28,0.027577416028997003
ck_c6a7bbd0adc4d5f3,0.027357091818892024
ck_46656a23f4456d22,0.5191095220623761
ck_7519260415c2998e,0.01006227426909159
ck_754f30ea19df857c,0.015425082382703844
ck_ba88a244d5f7380f,0.009587044594612864
ck_f268416945316815,0.009402580837552457
ck_21860dd2159dff28,0.21873194282007072
ck_7a86ef4e2beaec38,0.00659052995699837
ck_0414507baeea936a,0.02900589944951822
ck_60796eb60fc3043e,0.004505399757563171
ck_1e0841ed17fe0562,0.009121992991569456
ck_0d641d32658d6e0f,0.020243219529353162
ck_b36086ae6d87eec1,0.008187189478807878
ck_962e65ab33b5c311,0.8321546601101341
ck_b046a42684468e63,0.014031869352993515
ck_ab3426435b0017d6,0.015626969990915424
ck_fcfe06e44d09a344,0.022186426160838713
ck_0f6d916c92189516,0.02277898508644923
ck_d4c8f0d957c3965d,0.02691732833747333
ck_2ca83dbd728af019,0.013127345918493152
ck_2857a4ce9f72fbfa,0.002251514192094275
ck_a60e6edc48e3d0ac,0.21167007374751137
ck_0cbd3b27063d4415,0.03443892027038748
ck_612089ec90c37219,0.013529966458835679
ck_ec4e597f17f473c6,0.003149344032621801
ck_1c93cc58f314bf71,0.020629405193499678
ck_2b359a979520276e,0.040156001485032254
ck_1496568ddc3b2d56,0.010668234864803432
ck_41d91dc9f5063566,0.026581127519340515
ck_4c5ff58afe3d7a67,0.0028701342846723823
ck_81709736281fa3eb,0.004507126575074316
ck_d89abbab3d4957aa,0.00876803145084541
ck_52453401f88935da,0.01692601856722263
ck_a477654d34783e06,0.00396956114693618
ck_72dd0dbdf808cb00,0.018872876275049643
ck_c183dff3781746cb,0.027790372309615636
ck_c8b7f241810b45e5,0.0026887044091893336
ck_f88028c3f306bc70,0.014704611248127206
ck_91d48d69e4f5d9c2,0.009306146785554286
ck_b74b9ba6d7c9aab7,0.18125445280311822
ck_03e904682dc73bba,0.01214578211051931
ck_fc6fed6ea96a004a,0.011797146748653247
ck_51efdd240e34c642,0.01844838723748859
ck_e78ab4ff52b5fd2d,0.011986779841701645
ck_4af7b97c24d89a45,0.02026206595164001
ck_295c0072eca7f7a2,0.011105943793344987
ck_8abd1a50a9227463,0.017375092613918806
ck_ecaa6f13304e3dc5,0.007574144468231299
ck_de436e7b319be1fa,0.9874130357171309
ck_c802cf8f61466027,0.0031678669110728618
ck_3d83e0a3c1cfbf8b,0.009249672473089172
ck_28d2003c2d16e4b6,0.008314004668422284
ck_8ddaf745bbb9cd62,0.0036403804744938872
ck_493b6256091014cd,0.020123572596156287
ck_a2245822cfea997d,0.004386088564942701
ck_f7305b3c64cf8a03,0.07102369986835608
ck_9937dad93a0ed3c1,0.0027769281402256043
ck_d654449f9231ad76,0.006664703520336839
ck_850e2b59bc535490,0.020858664979439726
ck_e55e5bdfc0242aef,0.023773316196612423
ck_d35c51e981b98c5c,0.009225670289287469
ck_27cdf9c5e6f0915b,0.01977803669485153
ck_d328db1e1052d820,0.017173957508253564
ck_0ea30eff5f361cba,0.06842434890979697
ck_9994323f97109f4b,0.9850352846587866
ck_09054e97bdf9624e,0.0025713603805046473
ck_723b4afc388113c8,0.00685399719225275
ck_588f6e6a6a6d93e8,0.01815948228098798
ck_e1d563fab4d6116a,0.0057653056119131105
ck_53aca610e20598bc,0.02442553895569011
ck_c8131ddc7ed33448,0.008965610444798816
ck_899f88464305824a,0.01563368879551601
ck_1c17c65804f8889e,0.009089885937129684
ck_45a16ce12893cf9b,0.010950705256943494
ck_f9d481aa4f9b2808,0.49152091536983805
ck_1d5d74169cf892ef,0.028540773622616443
ck_aba32acb61c1aaca,0.03935888402294294
ck_ec4dd3675a8d28cc,0.010320870428200084
ck_5dcd443fe0bbdeac,0.006149491844680948
ck_3a47e3f54475e854,0.003470723856774976
ck_a9aa5c344c315532,0.030659224232512175
ck_9652283c9f61fcec,0.003042864474114207
ck_752dd3d2487f78ea,0.01040454643868247
ck_a821980ac4db9943,0.3732200640693004
ck_93e0d6befb67f7a1,0.02695460963537721
ck_e7a3881c3e36bd51,0.37270579954424826
ck_12631b78f8a03df2,0.002705605387921173
ck_57b8226610b48854,0.004678135958911122
ck_352657008983fd4b,0.07318861963323843
ck_0841a5c24fd3dd28,0.010020747110596924
ck_db9b9d5d30f74070,0.021115918030837316
ck_a9dded7f6294e44f,0.08615952292382074
ck_91a16336ce3217dc,0.0152281915595949
ck_371bd9388b287677,0.002074376971558373
ck_f285e5e1912a7c62,0.004191910625780246
ck_368b65fca69fc415,0.03894624525828431
ck_d27a73596b6500c2,0.013969260351789775
ck_2d963f9b2c4d11e1,0.01579645647785163
ck_7c500e219af39486,0.004518614544696543
ck_7d025dea5951cba7,0.013223676860840595
ck_32f632706608859e,0.0135388665219027
ck_53816231f3ffb48d,0.04861285421162446
ck_9dbe184e81c1ca8d,0.013227482321930762
ck_d74123617f22a21e,0.008895305438769695
ck_275386782b1606f8,0.004209096438990485
ck_0b0e79d33e50cba5,0.048177081677893675
ck_ba93cb604f792915,0.008894507351376969
ck_a86cd653472eccbc,0.0071487930770880075
ck_87771861e0447210,0.17591515499587382
ck_212380e0371d8a6d,0.01112595872618903
ck_ef0d702d7b0ed745,0.005573613186407301
ck_2b8f33e22f939372,0.613046784519685
ck_480347ad92037105,0.012960212066386877
ck_20124c3a16c53ce4,0.014428003692911296
ck_c9e1e3229baae708,0.023270523915028065
ck_b1befe967f7a5ebf,0.0202179214929754
ck_4672167d7c989bbf,0.04056062326056253
ck_f0c44ee5e3a42e3d,0.028193096996170328
ck_c416357d20238a4e,0.012392142845074361
ck_d0f470f8078c91df,0.01875776705843332
ck_3a70b4ee59084715,0.0038316423158605032
ck_179ed66cdfc1ce27,0.011678132266301907
ck_387e5a7f163c7837,0.007929375884889978
ck_08fb463e69f647c8,0.9621771883100552
ck_732f725747393ec8,0.010843764211356261
ck_7cc5e0fa3ca5a713,0.008404913749102053
ck_ad4a4daa826ac68b,0.03826790303726356
ck_472e0be7a3b533bb,0.016238421750231703
ck_7190177963eafdd9,0.014778216950947477
ck_647ac26c5900f082,0.010566922430896143
ck_272ae2179bbd8e58,0.006671658079235321
ck_09b0d8af304646bd,0.00222065975196765
ck_ca0cc8ea9f344408,0.0032332214428892
ck_332ad134fb909869,0.012100554594293616
ck_fca2798914627dc8,0.029475951400143516
ck_4450b55f462ae134,0.007099494520583492
ck_d67d9dfb60b286b9,0.0018127851703397715
ck_a9d2bb4f2bde7052,0.005186954053792745
ck_929bcae878a3ecb3,0.8183035180585545
ck_59a9e000fa275e1f,0.01536084660239015
ck_57f17254e2688637,0.014541974545632306
ck_0508908697f60ce3,0.09837506267833139
ck_946afc2943298d26,0.004844972064442123
ck_7176d12b18f2cc0e,0.028277445767445612
ck_5c47b49c26cce286,0.008999033119118587
ck_b6a2bdb2d335e1d0,0.9865874490982464
ck_1d58f6caaa4d012c,0.013019635434024273
ck_71c917295020ccc7,0.0059737943531406575
ck_bc89644ae3688995,0.0101535604492914
ck_e7c212f16d6df272,0.009005753041063385
ck_c6d2e11a368184e6,0.01731310491888396
ck_eed7f1f7548df15b,0.00537573311783327
ck_75b69034000ca7bb,0.018745087829579215
ck_38da3bf629458682,0.005501503445986466
ck_90114c891239d821,0.017885587466565895
ck_8ee08f6777cc155b,0.01583099476275758
ck_bd86132499defcd0,0.00649663465770881
ck_b95fbf2b5640aa82,0.0191843066385822
ck_c530235393360e3b,0.016697829258747104
ck_be52a7ec43241ba4,0.044849718279473476
ck_d96eb3cc55f2772f,0.017793627109424778
ck_dd34f0a844fb115d,0.21971675042447958
ck_17cc7b411f448e66,0.026650204156214698
ck_856ea65fa27d06dd,0.06573835488915214
ck_056d5f0301c30902,0.4733971424512894
ck_e662b14b2bab23a2,0.11714627732290074
ck_209f574c8d92274e,0.03795074913970763
ck_62720b81617896cc,0.0160766331312266
ck_041614694b77e599,0.005517511740046095
ck_461e3f7b97db8d16,0.020756581487835414
ck_1b74b798eebeabdc,0.01008673978019845
ck_0ed2739384f1d644,0.005556149429928677
ck_5a4d19f1b83feeb8,0.024288681646593063
ck_463937167965a1f8,0.02592459441732181
ck_9d7151dbdf100e0e,0.02430758271113049
ck_20a7d1ce6cc27312,0.006496462147775036
ck_6031211ff118cf0f,0.0028967266696853415
ck_a6fc92aa91e99b77,0.8527518029151986
ck_0aaaa9d2f75a0518,0.011392425836851105
ck_ec26e327cc1848b2,0.007741893222565177
ck_0e6bebf8ae9b9b03,0.015562466515797105
ck_e107537a4cb738f4,0.006842035448804662
ck_e8ea56e122a5a487,0.02667586983273691
ck_98149ed45d38c4d3,0.02881795836592234
ck_0e719b3a6906b8f1,0.0024823174909044715
ck_0c6e7bd357e4a348,0.0019154784812795667
ck_d3b2b250da61db19,0.7598966049757002
ck_8bb6b0a292754576,0.07394416486135913
ck_87d70f5fe48a6128,0.021329669815641175
ck_ea9edf9c107d429f,0.06515269800028717
ck_059806c52cebe4f1,0.3030410287072748
ck_a72d6df666e1c21c,0.03748726642857352
ck_1d2b80ab6c4944b9,0.007760696001932123
ck_60557f077abc42ca,0.5756474418688986
ck_e5f5cb7dd6ce4a37,0.016837611744109363
ck_4c4a939154446053,0.006871455283653534
ck_50ede3eb561a202c,0.012040391950561936
ck_6d03a542922b2ae8,0.010632038908000348
ck_d6fe761ed0db3270,0.012607588664576522
ck_7f0cd6ea3096f985,0.002871269086421018
ck_23edb6d938a3b87b,0.002290540425652587
ck_799aaf9f2b9ef621,0.006394593280184368
ck_f8f6a03613b6dda8,0.00821545065493044
ck_7cffb189f4f514ec,0.9222836130318248
ck_c081e1967dcd811f,0.023537841213376758
ck_583d6ca78c97d91e,0.4124827109258586
ck_9332bbc7125219a7,0.010336450754888364
ck_956b5af6d7d86c65,0.8544335286959511
ck_2d634e3f24681c0f,0.017731484337548918
ck_7b35d218ed0c5a60,0.01250347687071682
ck_ca5b1057f8248f73,0.014101058822889801
ck_ec5ea81cf813597c,0.014171261793388864
ck_eaebaf4d28400fb8,0.008967438880485004
ck_ae2ab6be219219aa,0.004554011189794376
ck_d99a8b4c820eb46b,0.0031043877585173827
ck_bcfb7ffb7cd428bd,0.0149378562277114
ck_3dd542c2d31be2c0,0.016252443258739754
ck_c7dd84401e29a7fc,0.0024137888849312256
ck_c4bcc7cefd40f8e2,0.002601396613539088
ck_c251898b5d51e3b0,0.012482277845413713
ck_36d37be780c1291c,0.010283220615201503
ck_99b4f266b61ae7ee,0.0243268883960234
ck_c37f03995f0f0169,0.0024386510537865356
ck_65a23ac8e44eb901,0.004119814597099473
ck_644b1c1149eea9e0,0.00938921325990066
ck_9cf44eb0237c2429,0.004550286093255676
ck_20541686a94fb71c,0.023462956422456334
ck_c18245be844680f3,0.026608614770364025
ck_56de216eda6b7fa6,0.014503318982610801
ck_406c4442dee45cd1,0.0028160169174331726
ck_df1585c7d72a96e0,0.018542330323078355
ck_b8e8dba20676d87b,0.016504089731886402
ck_0ee6965e68efc177,0.021716775902328213
ck_c2a5c54ad8d0d297,0.018805182853517573
ck_bf6fb7e6470e95cb,0.002674448383170062
ck_27fa694569140345,0.0037106760029331286
ck_e04166b0ce66393a,0.014278936021771424
ck_8742114f4f0cb22c,0.04579757496693472
ck_6eceeafd56b42576,0.22326046281297143
ck_34f9951b0eca1965,0.008504459695866926
ck_384ccecd342a24ad,0.0021935120041262517
ck_49c98bebd1338879,0.003981290113344293
ck_6c26c12071c91ff6,0.007090287243935771
ck_01e5986ebb9a78f1,0.03219918109462823
ck_121db7ba3be29ee8,0.04925815198130682
ck_039e6d5a330cea1a,0.03334305434390515
ck_ae8c9163cf957d7e,0.008008076317712356
ck_3f5e8f3f1df0c8c7,0.04143002475917629
ck_b1c51fdafcd80122,0.027169352788961917
ck_12e2b5ebfe8986b2,0.013437325736045308
ck_d55eb81a4d543c59,0.006320184178105194
ck_f85155ca5c312c7b,0.01661824387285872
ck_133d8a1ac7c0e301,0.9672545069578112
ck_04212a9bb9b28696,0.993061969176549
ck_4cc11c7d3ca61f73,0.005236725939402275
ck_2df4854186ec515b,0.009917753917472436
ck_aa9b28e7fc43af79,0.6778109997082477
ck_47cad6c3def4c9e4,0.0022145916293931423
ck_fbff7b5da8111567,0.010799117015395645
ck_bd25ea782e375b22,0.019455835702880654
ck_7989376f8cf64a9d,0.009012216195830735
ck_675c0ca1ebb1051c,0.005760493458249379
ck_1436f6e11d4008f9,0.021797423667291104
ck_812cb3a4482cc618,0.01672880850757275
ck_6e606f73a1094afd,0.003730091904018563
ck_1b708e2a4a0584dd,0.016961783293816837
ck_a60d6b324bae0330,0.027491484057466018
ck_706a4f673a9fda3b,0.475232628717019
ck_a75ece9a9044eed0,0.0026100101944543323
ck_9aa45c4e03c8c57a,0.006261953984627644
ck_9fe9bdce982b312c,0.02386088638745184
ck_c6fbdc5ba68a8466,0.009976694510273141
ck_ed0cc1b1c28f9511,0.03054757271308271
ck_a4e2607b4c8021e8,0.005918287270342761
ck_e02f93f51cc8caf3,0.003394559054181919
ck_7084ed3cf20781b7,0.018486890844315346
ck_cd4c63155570d6ea,0.004391031621486842
ck_d1b9e5d32d2d789f,0.007861696209062007
ck_68f56f6560a7a933,0.005482833590455825
ck_8bedacc6233c6269,0.008900938493535845
ck_ab7cb50407d6b13e,0.037363265955115736
ck_f17ed7e0fd687742,0.1388718459016724
ck_b0fe4b92fc70f72c,0.008108837308467001
ck_84d62b8196da2452,0.029281620155350952
ck_9e298cae167f4693,0.011358808346353534
ck_405b20ef9ad0ba5f,0.09996968403543141
ck_813e02e1ababd177,0.017294732040617315
ck_f234ab47061ba7c0,0.0026955925495501104
ck_22b587c18363899a,0.013728061861401466
ck_4e862c2f48c38aeb,0.004240784149695269
ck_b89cb90a420c9075,0.005304391654618181
ck_be2251640f27a3c9,0.11871934837047222
ck_46bec0bff167ed3f,0.03774785655305545
ck_c0032232c2868328,0.00834325212017101
ck_030cf09525dba4ba,0.02051293863266407
ck_6ecf56236789fc09,0.9743316042097299
ck_38d4ed52cbe6d123,0.019734894798915846
ck_2d923d957ffd4d53,0.016048037732654143
ck_3af1eb88728ed8c7,0.014813782236407521
ck_2f8120ca80a1592c,0.008825649110519727
ck_6cabb1a133f0b151,0.012274032469453152
ck_bb6cf7e7b707731d,0.9031053634553453
ck_c8307fecafa90140,0.019729185787810785
ck_75f968be67f46d24,0.01902963811731867
ck_df6fe4ec5a233213,0.002678921100931191
ck_b53e88c0e927d896,0.0021867039831984206
ck_f0093064aa28f4d0,0.02058142231286337
ck_ec9976cabc63ff92,0.004104909997082856
ck_30dac0a58c5590cb,0.0880340209553587
ck_348a525791ae6475,0.03401541526396525
ck_b898d912d1181ef9,0.010783242892994486
ck_f5b1200dc6f95760,0.02116180899622462
ck_54978a073e7a0b1a,0.008189555752404461
ck_55933936536a4071,0.010119663727009788
ck_d6ba7ffd2ae08863,0.014933179504657562
ck_404e2217fd87fdd2,0.003952366857636714
ck_dfaafdaefa5716b6,0.06682656776904133
ck_556c62e92d4e7e5b,0.06269723412050247
ck_7ce44f4e06d58111,0.24733887642196192
ck_465cb8ce232c7670,0.004689163963229676
ck_237508ca4fb37268,0.02488247431258838
ck_ba4a6b9aa63964ef,0.02087785285738513
ck_4802a0a7a1882c88,0.45794787239204987
ck_9478dfe4114c30f6,0.02631114762953214
ck_5138f6c575dec64c,0.013830738107295142
ck_aebb42afe430e2e9,0.003694158122798929
ck_004efa95555437e9,0.005530552477865094
ck_11af112667c98394,0.0076473269061952225
ck_44e9a18a8645c9d3,0.004375733488950129
ck_2605fd571219e28d,0.0026487652087518023
ck_dfc933493561d84f,0.018352561705428358
ck_67674348e68d1f25,0.047505918481243706
ck_dd97429277a2fa00,0.0788524602536777
ck_d3eab7a06eb48348,0.01950215899897192
ck_0b9fcff9667ec05a,0.00997360507737912
ck_fc4bfd6e739bddea,0.003733101859010835
ck_43292f70a03ddf2b,0.06662932604096675
ck_5ff6108056a3fef5,0.004132588667793032
ck_767e0be086b5f601,0.022335620498519882
ck_b8465b1a5666155b,0.026230293144898595
ck_ab2e3fc56f5b3aae,0.014962152269759898
ck_1833c81d693c1e07,0.9477439689915116
ck_0308e0602b856445,0.0025789236953999766
ck_ccbdfe744acff8bb,0.015940369350353856
ck_b294aa27a0b586d7,0.0023924920990391293
ck_a3747201f377626d,0.9450460849672243
ck_edde1d7d1db24725,0.01846401053075818
ck_ae3b47d6e1063704,0.012344220830913575
ck_3aabf5e0f4defb41,0.05688047252440338
ck_f034adb57391f3d7,0.013136005810129065
ck_533672fb40531607,0.16531491402622778
ck_2a244f1ae08ef83c,0.03226923183029888
ck_a35d81bcc54ece2f,0.004356621590763703
ck_78a61215675b38f0,0.01510575467059356
ck_e013d88ea7939616,0.014227896621349502
ck_e5018f9418e0102e,0.02824251552418251
ck_d4e024fcda401a31,0.0036256822567972717
ck_f736cffbdb82db34,0.002876911099564124
ck_1507f5aa50cdf3a0,0.015504087794299097
ck_18270fee7c8fcee8,0.004519442518971575
ck_95ffa1a805a1c9d1,0.00438915560657367
ck_11132d245b94d045,0.011171722755055354
ck_7b93a622e40d8b14,0.04896943840245289
ck_3854c08d17704347,0.16612771870203635
ck_7717fcb100dc4b5f,0.012216456012293157
ck_ba54e0a1c328119b,0.33017331315472376
ck_a7afdac4ecbf2de4,0.39827983950065554
ck_ecfb771ed2352085,0.009150090894674417
ck_68be4fefc85a6b64,0.6076790555981896
ck_dac7c50bd6d0148f,0.005081838381589258
ck_87cf36a03bd63c24,0.09725539034228607
ck_8adb40b168b59d7c,0.04038676771661004
ck_8d2f62930777416b,0.02485214183308948
ck_9958b58da9e3c21c,0.003299365297475913
ck_9440335375701f44,0.014665675040076253
ck_e2f88e202b6f700a,0.016168797472606643
ck_4c7c50684827a2cf,0.003796669965789308
ck_8a6ea4a79b1c7a8e,0.0071748574818844
ck_186dbff4b24a3bbf,0.1843122783162771
ck_220fda3c11c59b6c,0.1963640557522925
ck_3acccc69f8b1fd14,0.052195096599208395
ck_9de191bf79afd676,0.011283525654369145
ck_6de6b1663f9457f4,0.0030566510000865905
ck_062754f8b79b86e5,0.002920571777484713
ck_aa153a89a52f7eb5,0.018416328962314432
ck_34a6bd3be642f15c,0.03467517988461885
ck_9371c700d9830326,0.010374394384873548
ck_a99e0c258ad7576b,0.009236296812968132
ck_0a7ba51d626e932a,0.01300342702046323
ck_852c50bbba1ead13,0.1719682131749288
ck_43dc13b6b6d31297,0.03998967618810682
ck_7d81b59d615a6649,0.04119714490180443
ck_39a3f1da060e88bf,0.010047552055877432
ck_6fb2d142c09ed3ed,0.041899754585813236
ck_6e5752b87324b58c,0.00833341010081819
ck_9441d48a12e8a4bf,0.1397588459964038
ck_09e9c51eb538b255,0.03534191523252461
ck_8d0cd981ed3a183a,0.021179346303359593
ck_57c07c45269ca8c0,0.008422027567399808
ck_ccfc9ab888ba933d,0.004648613668456882
ck_9658a6ef471053f0,0.004882538771755263
ck_dac3852758f4ea89,0.004357063206131871
ck_b1ed2278f5f14d82,0.03422266865026583
ck_333544d173524f70,0.0436100821481478
ck_fd4582e3853ef23f,0.011949633176102158
ck_614d936cef98db04,0.001997376777780755
ck_6bc351a3d57aac54,0.016643820304955783
ck_af5842fa7202ff25,0.008090837656513746
ck_81307759252571be,0.011155144282959984
ck_b4d2f02d2cd45720,0.31208230507336326
ck_1bd753a4681946c8,0.9563520929239435
ck_46d8c029d46867b2,0.007839742123203432
ck_b7da6640fa2f49cf,0.24568528546774968
ck_9ea3d5a5a91fef9f,0.02870935005223067
ck_7b922518f667f76a,0.0024183789268684996
ck_2a5b31594206eb30,0.6672350288318167
ck_d9506476ad3f9e08,0.01836078715299223
ck_c8791f7ebd4d93c7,0.008536155665269142
ck_b5a3e20fd210017d,0.012096900031265333
ck_8e54386f4fe22cad,0.01831166486410952
ck_75296704f5806f56,0.017758455171753926
ck_0fbbc7a6af300368,0.004901483983356167
ck_d19bf4dc0627113d,0.002734599680511836
ck_7951bd4eb99a0175,0.009816491907499445
ck_059e4fac6b7f704e,0.010851514585477525
ck_2ce8931af02a2ce3,0.008062864889366604
ck_9e665618a4860306,0.004385201645582063
ck_6fce5a893613fd2c,0.002184707595254151
ck_9e3fbd04e3532f32,0.05522426304543968
ck_55f2ef0de3420e3e,0.02141667246125213
ck_8d87658a6f5d204c,0.5550302269510271
ck_6d6ac1f5dd882aa5,0.0035125295904239228
ck_55d0c7012d7ef236,0.012757987076018275
ck_7738eb085e5753d6,0.026673700364517737
ck_0e6e05c3cc8c8242,0.013568630764828525
ck_8d27ff8383d48132,0.0028927451522340634
ck_9afc3bb849f3a64d,0.007411567087610098
ck_27eb86a9898cdfe3,0.006832328218577305
ck_1d40e4fc541abe93,0.05426218539385446
ck_4fd9dc00e1913587,0.9660990063709319
ck_b26cdb2b7b165d2e,0.019013593075238405
ck_a79a27767a02e31f,0.02900227503704578
ck_f0c18cb9f951a71e,0.04343116555549959
ck_50460e0189de6274,0.9045729220702073
ck_5e5280539257c986,0.0076190604091760416
ck_eeb854318b3a6f0a,0.006964611029235067
ck_943f66f28dd24750,0.0023521869298642607
ck_984dd7452aee372d,0.053844873255811394
ck_ecaa6de0aca5e9a0,0.008811551708732573
ck_8f1cbc432e2774f8,0.025100377600366888
ck_d91d9f8445b9769a,0.20346628843950393
ck_73c18e03e3c7612e,0.0026673645320575185
ck_aded05ada490da20,0.008170683775806587
ck_f744e208183971f8,0.0027679301938764904
ck_02d4cef6358ad3b7,0.004929366245178025
ck_08ff5bd467226a5f,0.003220455188953737
ck_f824b326d5089885,0.3091346043613021
ck_3420f2fd520890f3,0.060726802402628254
ck_1838cf8d00f5b1e1,0.016341614377166306
ck_a85182ad90b6f1e1,0.0019778849553714404
ck_fecb39c82c43e76d,0.0046397707405907785
ck_162513e73782929f,0.011638118990335814
ck_2c27b77c59d8f23b,0.1372223570631845
ck_4221e07b17388fd3,0.01663440662181378
ck_adfb8472d5c3d669,0.012760740908169104
ck_0742fe64055d686f,0.01441662673325203
ck_5060aefcc8b6f958,0.026572822383568805
ck_643f549b4ac78a26,0.48654942141650726
ck_dba767885bd6ad69,0.006262238012532913
ck_0dda35c0c64c7073,0.9757943379801111
ck_38ea56d43afa5660,0.01667000733980079
ck_d813e15ac91f487c,0.09003447225253793
ck_4c840e5585a7b167,0.12659921890243936
ck_cb8551453a7bb929,0.005805472534479598
ck_05a00b1dd5a03359,0.0031114446926786155
ck_837cc7fd48453a01,0.014740416842066695
ck_49dd816b31fba6b6,0.8259742141159322
ck_86a61d9a39768e87,0.01286748505128516
ck_cd0e76f0e7bb38cc,0.020889607687612197
ck_dbe58392635133ca,0.02848679802069829
ck_3caec7dd6f8d02c9,0.03835497430521966
ck_bfd9bfc5b6ab4a54,0.21089999555657807
ck_2103399bdb2898a6,0.00909186751360545
ck_329f7de7279e74c5,0.006598820531212874
ck_9bf0d28119fc42c8,0.013907640834237886
ck_f781539b1042dc83,0.0034533938576315807
ck_9986c7d781ac6b4e,0.004772958873220373
ck_a627734880aca848,0.003237890523743107
ck_2106e509d77fdb4a,0.24968936901348218
ck_420d1a9c604293ce,0.014367044549703932
ck_fce0610c527e2b56,0.007416606851518377
ck_073da541ec3f9d3d,0.028019860416428014
ck_aa5f3ab48c17fed8,0.09172633169737054
ck_0fc1086e1c9e04b6,0.018973861988296998
ck_5c33bb46c1a5945b,0.023763653971439418
ck_500948a8d4bd8e13,0.03752030161997815
ck_19becd44f2c3d2b5,0.03957293174428278
ck_7d0fe77dd5ddb656,0.022349322604729424
ck_f158d9e5f101bb35,0.020858174581691365
ck_cdd7c77823c2257f,0.01920119298758369
ck_6c7b41374f9b2e55,0.010745086888229975
ck_417090dbffb1a63c,0.01886788585636228
ck_dd0e17605f970319,0.009718871920022727
ck_3646515079e6be55,0.0063101816005363435
ck_89c8b06aa8c84b2d,0.05422146672236086
ck_e4d6dedd97233c07,0.030026390397700126
ck_bc82fb1895fddde5,0.008679023221752263
ck_88a8b1d442ca3686,0.017902765959028833
ck_5791f8f76a629a4f,0.08694822074522933
ck_9cf5e88e97c8c7ea,0.014092701278320808
ck_58fd684aa5a6f289,0.009528513549841258
ck_9800c21dfbd8e811,0.008127889199439374
ck_8ae64df60ab6ccda,0.036039422265480486
ck_e535fb0f0c00418d,0.04191070503624103
ck_48011996d54855ac,0.39052279457629024
ck_ac79c72a8fe3fdef,0.06015728545353977
ck_b8cc2df5192bc49b,0.015541404727098388
ck_e96a5e1f08f8a867,0.009986897748477767
ck_84df6770549e43fa,0.009753435750589139
ck_e5f7b99ba6ec5767,0.038657436051477485
ck_8347455ab53ff620,0.011819505920585718
ck_a84f2cdf695a71d6,0.004780662677786842
ck_90456160115f9ef4,0.004386691339681681
ck_ebd178b3f3a9c50c,0.009488341423687324
ck_e1140be6157bacbe,0.0022720843732903654
ck_744ffc11d32b96bc,0.01901378514924954
ck_e12a9f7d027e3387,0.008805297385722673
ck_cbe525da0b69f18a,0.013152042759773316
ck_aa59702537557ff1,0.00891851094615367
ck_0348cc6908f7f3af,0.0020834600649317875
ck_120e995d50956bee,0.11999524680763868
ck_9fcde1ff46cbbea5,0.00569714769242933
ck_54b0b070689c50d6,0.0016251406982002864
ck_966a167758fddfd4,0.032639724750769976
ck_d5194f2e92fd6427,0.006724502413049731
ck_2ee84f3fa27f2cb8,0.00656147055128167
ck_57d0a7eb7eae2eaf,0.023595306517679156
ck_6a2c4edd82e10969,0.00413117253141439
ck_96e4d38ef670eaff,0.011944503678725002
ck_52cc2fd5095b169d,0.05363867953265474
ck_4b088920f3a844c1,0.043634808967023854
ck_8f3ccbd20d59f1f4,0.0026398790037066716
ck_e5e5dc431bed6f9d,0.011106408896081839
ck_e8b5bfa6838e28d1,0.014971931802222662
ck_4bfeb78b47b7c6a1,0.02281268484423191
ck_a705c61bd679496f,0.020576499968722788
ck_731869a0c39cb2fe,0.017169086306786
ck_259eb102342057ea,0.021076585815496714
ck_47a6005fabc33551,0.10891184539650317
ck_682262b455a9edd4,0.003073793164442626
ck_e839d104854945f0,0.013143690653130924
ck_761989aa4c47d746,0.014953000250545235
ck_44211dc210139ed3,0.003567287971431782
ck_9915ceedf63a5289,0.10360872103688902
ck_da59ab47cb6284ad,0.0020482326536850498
ck_e5cdbfcca2456652,0.0050516602438765625
ck_13f2560c6a1ec62f,0.011463682846394641
ck_a0543e9b3abe1001,0.02596477862514496
ck_11c7a58e09e6547b,0.051550740805043065
ck_69587a134d43a4ad,0.058113743298592695
ck_28dc0de0ae291f37,0.03188375696130857
ck_298922703c5bbe05,0.02347839508169463
ck_fa5ba9ed9ed6a343,0.06181198820847882
ck_c08e64d424e56c05,0.017713890443670752
ck_598e036a28262aeb,0.01744480157266577
ck_3f7c870510083a51,0.01057421289962275
ck_364f8203a3e98d36,0.8358707125060774
ck_7333cedb61506ead,0.022354145339668684
ck_1d96d7fd65f208b2,0.03293020949137054
ck_63133a79f23e2627,0.12256731483134187
ck_901d820e0b72abae,0.003695818919428417
ck_5dd80b3c01457bd8,0.00911040064444847
ck_c0b8067c144ed6c1,0.012678521656745437
ck_cebb8aa8c8f62c60,0.004283762132838323
ck_79749eca42ff1f5f,0.025462812711663275
ck_2cc1d9b587f6da31,0.033429485546300805
ck_ccc7916b56d42195,0.011040255779983507
ck_e43e53cc7b8b8e41,0.04434253558208867
ck_4ab74a6e7450416c,0.004577839840037001
ck_6e44024e9de301c6,0.002049081614884476
ck_dd78cb6ae2866cc6,0.005683559864437328
ck_c363d3b050baf3b8,0.048268832747275545
ck_2d46291975f0dd08,0.00792485683679475
ck_76ebeb5aee42f041,0.036428800404912726
ck_8395f004cf4d4c08,0.006221643379835413
ck_de7259c3741db179,0.02524736116967496
ck_3938e92585df2b34,0.011310181509828767
ck_af69bfcf4f07d932,0.006835757292962899
ck_1723900ab9afe374,0.054288954470640687
ck_3d58628d1c853c8a,0.04202075215069231
ck_12a074db100481cf,0.11155249461792416
ck_8716cbf892c50e29,0.008677927168860669
ck_fbf7351958ad9615,0.005376383847835285
ck_a50370907e6b397c,0.04661331275306245
ck_937402a60df0821c,0.0017581695852068673
ck_8ce9c5807acbef48,0.005908269973328746
ck_acf7d65eaaa4c31c,0.003524868213965748
ck_ec3eb6dd0967cac5,0.0192192590174577
ck_fc832b0c90c9bdb9,0.8633551723541923
ck_8129e81cde280131,0.006703953656621888
ck_52c0ef68aa2fb8cf,0.010813790484362956
ck_06f042e9b1b662fd,0.03648790281107919
ck_0bf35dcf7b38f650,0.012562392432836425
ck_615763afc2e17a7f,0.0029229268733894725
ck_e72db9d4b2fc9997,0.9660611795821062
ck_13757bf0eeb353e2,0.007808319502327092
ck_abaf371ec8249c4a,0.08553812794626131
ck_9b7167da0920c37b,0.041806716146598276
ck_2e824b0b27494a17,0.027906435795576792
ck_9a0b605e9c3220c4,0.00996477230865437
ck_a5276af466b681de,0.0065995322422736135
ck_9e0383e1fb6e214d,0.023097727562002235
ck_6a27c44b691dbfac,0.0030065411325970134
ck_af39767cf583905b,0.02356570861323794
ck_243b1b9fdd3f9a74,0.02018958402046303
ck_c0422e638a9c6046,0.015082343760784864
ck_e0f3ea3373dfc4aa,0.033892982739423504
ck_d56ee1654378ffc7,0.008813535762895524
ck_20cd2f5666719baa,0.0023152578804330765
ck_4dfa1c1e9b69fcc8,0.014269044602485754
ck_5d22e9ca1d15180b,0.3173308738844923
ck_f4a7ac178fd55f0e,0.0067228774731052645
ck_fd5609bd23a1eaf8,0.005844797407884336
ck_49c3bf13dc9471ce,0.011767228787155444
ck_724085c3452d4693,0.2873025567512954
ck_e5d1462846154a75,0.009803007511200319
ck_c69ef0f3e7d6acf9,0.1735928051581662
ck_a2d0417791d4132d,0.012398698003808287
ck_00a07fc2a9183c3a,0.003379678337989967
ck_781b8288e54ba8f8,0.10716518523521992
ck_d74a62ab3804a81b,0.008006473622536084
ck_abcbde211b6267f8,0.036055316252171246
ck_16dbafc035574654,0.005633975424240231
ck_018f780215ecaf38,0.014648447311600673
ck_0b259620eac51618,0.005549647819555486
ck_4f875342394c110f,0.03434116860074794
ck_399e45e5fe9beaee,0.003223206590561289
ck_36224a2d394ebfe4,0.05438296185828692
ck_c189b551bd111332,0.0035063327222450346
ck_125c5a720ecb177a,0.02308819073601135
ck_76d010aa02eb477a,0.002170512186493344
ck_1071d14c46c92379,0.7179957490573731
ck_61d244b2cde483af,0.03309405839763809
ck_2ff1860da2004c84,0.0035355819561536683
ck_c5b583490198672d,0.010700528811728073
ck_1294f7af22fade11,0.1258726567990212
ck_e3a22799716df39d,0.002694966847315517
ck_c77e22834ef97005,0.5797361173815448
ck_73d3689728270a2b,0.0019942886243800788
ck_295565fbf77ef885,0.0037514416774613985
ck_80c0a7f54ff4895d,0.00694466699864784
ck_f1ef5cf7f10b16c8,0.01972055994289848
ck_a958b2461ffc21a2,0.06953189217145894
ck_0e7899a57cd617d6,0.0019393110158904242
ck_9d4fed252718f58a,0.017611360893697005
ck_83c2c34add971d76,0.003877080348198166
ck_9ccc030ba2de9fb2,0.023200468301789085
ck_cd691e3466fb3742,0.00914446714220151
ck_49df70f908dfd069,0.10738823223341601
ck_362ce13eec1e33a0,0.003372590745502696
ck_2452a30397dfc54c,0.014495172486946458
ck_a443d49c2b4863b0,0.010370242759771251
ck_c8b2e2cb349dd0ff,0.006279620091330009
ck_354909fecf5da8cf,0.024529069389575983
ck_841f598bbd54c83f,0.032928256913852906
ck_cd6fbd4e8724f994,0.023932033075363717
ck_e0b3158111370118,0.0071006387599435936
ck_4c2f2eb657c2c60e,0.0073688744059881555
ck_ef346071f0b7654b,0.007154541849339647
ck_f3bc10e3decefce4,0.00460526015627356
ck_189b6fbe9b9192e7,0.01210604846478053
ck_5245cbc5ff4d4fa6,0.005121266676617964
ck_cb42e3be6fe87f60,0.010737488711599893
ck_966d4d713cbc7792,0.0075660252773688
ck_1c8c969667cbaab2,0.8487878194186046
ck_d35e3aa9ef5d405e,0.3116463424791815
ck_a1c39df50a5873b3,0.016715263227384553
ck_a152165caf295b51,0.010540408753289298
ck_891eaedae139828e,0.0087459729148265
ck_1a46b56f4734d52e,0.00665915243141896
ck_5e36042cfad96c99,0.06212150256526136
ck_02a8582c2603e675,0.0075472286740423285
ck_6def9d0429e4ed4b,0.015444968930866904
ck_e137400825a1e3e6,0.006888915276656987
ck_d91ab840848a54fc,0.0025487121872081837
ck_becb6e1c608e0078,0.0030264516460214662
ck_6fd8c86ac719d7eb,0.14497555445482524
ck_3ed4d13f12fd9d0e,0.17370826186252192
ck_007337aa99a4891e,0.002480446246128223
ck_60c3d8306527a08d,0.004068202202399308
ck_95458880a54df0b1,0.2991284528128191
ck_b48cd8593533fc1d,0.8186511501840422
ck_021c6a4a7e3f1f0e,0.0026962137687531313
ck_764d40f865e710af,0.013683418590013468
ck_4b84357ae8ec7777,0.011055708827124007
ck_3397c7856b4669a5,0.0024061854626324054
ck_920bb003b42e6310,0.004250270680119906
ck_8f59f11b512d5b7c,0.1275218775216218
ck_a3acf4b986afa98b,0.023303197545652916
ck_e89d25ed7bdeeaea,0.0034818762143528793
ck_70e6bca473bf6902,0.007901712048353151
ck_186161ce152836f5,0.00855702565381236
ck_9191579254663f5d,0.008389830287825714
ck_1e6628879e9d653c,0.008363874861287724
ck_b498fa91a0776ff6,0.013887520591281248
ck_cfc2384f22954830,0.02480528392979656
ck_17673a1c2867888a,0.002253823755322026
ck_523dce06515b072d,0.012611412272551414
ck_c20638a325ead2e4,0.0021799978198312024
ck_d3877e1f907cc148,0.031878267748916965
ck_e9a2495dea8675e2,0.014152857017045944
ck_7e561caa5fa1f3f1,0.03925393470178124
ck_455672e652fe1abc,0.968420632431284
ck_7f8f864fcc90ca82,0.0117240772473036
ck_1ad36046aaeb816c,0.010071332662951252
ck_de056e37c82e8e00,0.009149378661251225
ck_7484c214c889fe7f,0.03307603092316696
ck_32430e678c4f9f53,0.0071388360200913175
ck_6276ece8f80ea799,0.009007577261686894
ck_ae8e5dc4b725bc25,0.02332183904926016
ck_f01be92dc78a2dc7,0.012319487302129896
ck_233397a8bd40d38d,0.005360655054844979
ck_f8124911450fdf31,0.7630542403776704
ck_aa0a3179f1111674,0.004961829030797213
ck_2366b29ed9887a5e,0.0027596317593537555
ck_1f22f04dfc08cf27,0.005654600454859837
ck_b62276c3426d680c,0.011996261683722583
ck_d099fca88691f66f,0.019389478702972057
ck_166bd1dcbaf4d6fa,0.0031965045724488164
ck_7b1660e942436e12,0.006247017521989937
ck_4a9a791a1d409a3d,0.01384032900789104
ck_b003e5b54df65db4,0.01779712348666489
ck_64b4dcbf436f0b75,0.007491361691817033
ck_26e9a7bb2061a58e,0.032300119441411715
ck_08b77ad5f8f73007,0.008298859560877869
ck_366616a725afc6bd,0.021682268651726993
ck_934fb5064b6eefe2,0.002494089859378691
ck_c6abd5d57b1009d2,0.004975706352694687
ck_edcfa9e1cf29d813,0.08500601149943818
ck_c30201ebd003fdc7,0.010329152850499916
ck_c54643d94d3ce355,0.04154725656684234
ck_02adda6e91e49650,0.027897003096383828
ck_5b73d7c5255e58a3,0.15568553143802
ck_129ffae92dc01408,0.0024607197924536492
ck_fa321945ebedb916,0.1182004825932262
ck_8da980cb2e1e2bfb,0.06725175771823862
ck_0576b00d728bdf19,0.024773529175040335
ck_c543d82e22b3c8a5,0.002317409540782593
ck_0027ba644f9ae2cd,0.13096318508534918
ck_8dbf61df902a6bbc,0.004321483860172818
ck_90eeca1cda79fd41,0.0021255644584213637
ck_86d7127391d4e01f,0.0027672994356022764
ck_73762038c7ff2f6f,0.05775865366163425
ck_a1484e6215fac651,0.08798077725890965
ck_cb83b9f806e90dc6,0.12367300696164181
ck_8c6f059c95872126,0.0026026336966091857
ck_3174419a81e7caf2,0.004024416857544935
ck_6a0f8f8fa4a3c2bc,0.016426101323681132
ck_b5777605668bfca1,0.002021466673881793
ck_27e4de495abb4d15,0.012199613528035457
ck_7f6fa79c7a107161,0.010229811686237244
ck_c36ed9f8e6792ea4,0.021768904177201228
ck_67a1aa88d2ea554a,0.03349297607144039
ck_09748dfe4df3d540,0.005309663941654246
ck_27fd85b1e38b675a,0.004623711446661092
ck_2369689bd795ee10,0.005120351184964914
ck_4eb1c12f7d092bac,0.006781028388057493
ck_01fbafc42c8e33f5,0.009508848207523462
ck_93c4e05699b3b7d0,0.0068054083095713475
ck_afc484d1b6907983,0.007292680592633921
ck_1b2d9cae92a1aab1,0.05189185136804795
ck_73b729cb161487f2,0.011432298051357957
ck_fe3c1d0ac090d960,0.08291047626046318
ck_408efac1d3885ff8,0.122594001221272
ck_ccb4dd9d0a48a76e,0.00646117448107836
ck_2987eab34ca7805d,0.013229971866950824
ck_1dbf1f15193197db,0.028268904552266116
ck_4ed711fe4053e74d,0.03558808136976856
ck_6c54adce174f45f4,0.004388990529293602
ck_a6c740041faf0bd5,0.0058416027491284385
ck_b05c4d33c4f43639,0.0547170617683334
ck_032880f1114dd51c,0.02715009268597196
ck_22311b037456a76e,0.002815378456081745
ck_5866b413549765bf,0.008755456482405185
ck_0e808afe2570ecac,0.022542565493132525
ck_634276b05f4381f8,0.014885700754094164
ck_5d8773badd0d4740,0.011405198984199652
ck_82b5b79ce3517102,0.9299158436124603
ck_b378b8d8100ee4b1,0.023167181621033928
ck_54e581f71be5430d,0.0037246920803817732
ck_798ba4b8aa544fea,0.004172558726830004
ck_3fe86b6331ff95e3,0.45378883969271533
ck_81275d9d4c559e6f,0.008426751127405156
ck_99a4e5ef02d89493,0.016309821694648716
ck_54e2eb018d947790,0.020484654869145528
ck_966901ea9c77cc02,0.01009659049435963
ck_27d69ff4e0cb428c,0.0806578643797824
ck_2cee2dd7bbfc09a0,0.8371944180428642
ck_4136b00924695ab4,0.0045359269982966546
ck_59a164c40c03a45f,0.011960807632831532
ck_3e24b026bc66789b,0.0028400283399865342
ck_8105bcf69a75ee47,0.005031376008416358
ck_7a1782cefe26a456,0.01805741296311289
ck_970c7dc195161272,0.0019097235053841864
ck_a48ec0c00ae20e82,0.026520235302981154
ck_54b374ade34e1dc1,0.005423252756799651
ck_74e5dec189761d14,0.003654389685986772
ck_4717f24f2c6f40e1,0.010999197015652322
ck_fc8cd8a8209e802d,0.010083116226807676
ck_71db4131d7efe218,0.0036925445883951276
ck_45424ea6f0bc4650,0.40153296970716124
ck_3716c6181a5035bc,0.04321972248558765
ck_26de14b96bdad4f6,0.004995733231981598
ck_99c0a41ac9c73857,0.05998619528917499
ck_645f15bbbcff3b4f,0.9849017498274754
ck_b7e25ddd41514d4c,0.006210576267740522
ck_d5c14e877ca7b755,0.004913635910620259
ck_05ea4440dac6cfad,0.014875647940481572
ck_c58bafff7b1955cc,0.013579055830960722
ck_f0cf85b67a9b840f,0.02128216005952151
ck_ce1500a7f0d03fba,0.017214555060833688
ck_d4972a775aadbbc8,0.007989675343760442
ck_3eb6146c262e0fc3,0.002745436767119898
ck_afb23858a4ef42ed,0.983039359012474
ck_2c1def5c91c52a5b,0.0653568349913885
ck_72e550559487b919,0.0070895185642642355
ck_0284dc2b4f856b3a,0.21338648744757985
ck_03be334935e999a2,0.004387635091276022
ck_e35a4b4a3cb4cedf,0.009894696185296472
ck_5abe57dfff4b735c,0.008034586626571626
ck_f5f87f772388efa0,0.010665401097322006
ck_5a22cb36d612236e,0.0038514401449856097
ck_8ff1e6028e764472,0.9027149530971282
ck_2ab28149b0986642,0.0258977139417866
ck_c88fc1bac79fa6d3,0.022444857297764104
ck_5b137d74bba6b1b4,0.0022198693540922223
ck_11f362dca2dfaf5a,0.01630328035732369
ck_7f960541e5174565,0.002598528882512729
ck_d5458ba39ae94498,0.011518275256935728
ck_0a921a73a90c2e39,0.02806278253452932
ck_6ad56ef40086dbe4,0.009188138362596635
ck_b68199ecccf2350c,0.0029825438790646295
ck_6dac66c8198c07d8,0.005856966584751869
ck_9b9ce7bebc235fe8,0.0055593295211358905
ck_6b817117d87063a8,0.053816763106826544
ck_900d62b3184378c7,0.008867541538176215
ck_eafe9b89857149b5,0.014180864204865482
ck_e74716a525ee5b24,0.0030117844170420792
ck_4e9a6f06ab134102,0.01157670736117394
ck_b0d33b5a3716661d,0.00467219992570268
ck_8703543bf3134306,0.015743566758745834
ck_923d6a0f83accef1,0.015656124162772695
ck_52e37e2170532e2a,0.09159705590633939
ck_c1c5ea839c58958a,0.050230342282637515
ck_660f0006780e87e7,0.006418189311184888
ck_830b2c5d1818ac07,0.013787330790655753
ck_b080ff636932d1f1,0.0019753698907496193
ck_38730aace405f2ae,0.9879563235355029
ck_9790138467a06223,0.0038135520083403774
ck_10de0b0d86b17839,0.004047234991416848
ck_c3e37a4d3382c32e,0.00216564717022319
ck_dd8edfefa1eba531,0.005882138919060874
ck_8153cdadd300d234,0.0031658697607839592
ck_74d0e7c2c6b63d36,0.9563900523847946
ck_c478aae3031bb328,0.003909967843971097
ck_cf301f2194975866,0.008844798394152737
ck_f4de03f44e3a5bd5,0.00480782031983839
ck_b06ce826e593b210,0.02181319618041016
ck_2fc70b6baf6a0e26,0.0017987547878901412
ck_d208494cf5c90047,0.048287194466456206
ck_086d29ccae565e5d,0.008072154076411767
ck_d5ef6dc116dee408,0.010405149273075192
ck_fdf0c5b722d83464,0.008106071495106325
ck_de8494b13adeffb5,0.0038282645494987656
ck_556786868599143b,0.019271495192424798
ck_4940e78cbdcfecf3,0.010691213107277919
ck_d32fbbfe32c00416,0.024799620998143906
ck_bc7710f7e9fae649,0.0056610607211276245
ck_416f7ac57da081a3,0.01514664359258064
ck_6fb39b60c67d5475,0.004834897517472309
ck_e40a156511345d6a,0.004707345637380061
ck_49ab879b5aa7fccd,0.09405335652012821
ck_bb643194d1cbc47c,0.9819032421929305
ck_b3ce8f1bcedfa043,0.0066670292914350815
ck_558ebde8c29132a4,0.018917982169039838
ck_e6222925762273b8,0.062068884412643445
ck_bd80546b4807dd59,0.006032937452619228
ck_bd21164bd2bbb635,0.02893414291650707
ck_ea835557d7043667,0.006227288202503812
ck_1411a80a157ff39c,0.011151097100493773
ck_ab973888c20c9120,0.05183507144091524
ck_95b48972061abe82,0.005632164004897955
ck_fc4a43f8876bf10f,0.33073738041488393
ck_f34fb7ccf82f41e5,0.006130736860864837
ck_5af9934a56801ac0,0.007373770411178924
ck_fc7445ec76389a58,0.5782845841571025
ck_1eeacc26f02fbba4,0.053847596492702744
ck_4f325dd15c9bd45c,0.028946297455466324
ck_5009a6c8bbaf15ba,0.023889077163533293
ck_0f3de7f074bb33af,0.006364703149208872
ck_2cbc2f93a32eede8,0.03550315548753018
ck_4bb90a61c21a303b,0.011353322665866646
ck_3ade9eac7d7b0dbf,0.06201817883056315
ck_4859a58629622915,0.016757177307583623
ck_5fed957287ebca03,0.0034148704878827958
ck_ec01ae5351500355,0.005069343592449094
ck_703b41624ae6a5b6,0.008315297768093227
ck_97c38e7f61c27e47,0.012067066028541452
ck_db2c0908150cb2cc,0.01316189473097716
ck_64ac5e6fed86ab60,0.823626676699989
ck_da1c853b0a061e83,0.05010190661092967
ck_9a36916b60178ded,0.7328938577250106
ck_3715bfa7fed2c675,0.004520742638435421
ck_dd3feb77d7d4f6d3,0.008790549194349405
ck_982ebb24174a4ade,0.006500518591141233
ck_f6b7a10d47dd9a1f,0.01060075329258972
ck_1f56fe99f250cdf4,0.018562733406227834
ck_deb3ac0606d6f6db,0.0068764346474725945
ck_e666629e5a41b39b,0.008749522010695135
ck_756d2c13d02b3e09,0.012590123972810497
ck_7bc752ae7cf5d55f,0.011283407253787223
ck_fc0cc4b25e6a8194,0.00796509620018754
ck_9b2b0e286de78a1b,0.010346115731543997
ck_24b0803447211bf3,0.02798510746590161
ck_82eed68d05a42128,0.017325175603926938
ck_c8a03c516ed5b05c,0.15840855899441061
ck_e914974cee1bccb1,0.004411535628202887
ck_0c533ff2d0f9962a,0.007502014141544526
ck_c12805fa5d970a83,0.048569456081416475
ck_fc2cb29918631f10,0.12393505811152315
ck_c20e89afe575549b,0.002880423847567427
ck_e1ff9e31becc27ae,0.08378676453321489
ck_18116d0ac08f1996,0.9009370487476562
ck_885a83975cea5e64,0.004605258727630866
ck_a0c3059a959ba5d1,0.035531966219100965
ck_75257ca7d7da2861,0.0271722915430798
ck_2210f7a0d13bdbef,0.025474868067305766
ck_9cbd9ecf8374f65f,0.008150930846380184
ck_18f67c00ba21fbde,0.007840965186997333
ck_2d28f14d3973d8fb,0.0025674024851802322
ck_8b3401b44aaae728,0.00487869752245642
ck_9d8e9ef37797d3af,0.4632847125596629
ck_9f50920c894f64e1,0.017953365207972943
ck_4737e0d56c6fa0a1,0.009775526508367249
ck_52c311f29ca3aca9,0.0015029167834188497
ck_6a4981bc721df37a,0.018096165383887756
ck_823539d936c55fc6,0.0034990938888178565
ck_df5aedb4118020bf,0.8971288563667483
ck_a911a066ff0f7b56,0.0315133517078872
ck_684609767df4a14b,0.03908458248618488
ck_f2350bf355dc919e,0.005529507014720222
ck_8452b6cf97c65a5e,0.00776347092103325
ck_084cd84501012218,0.6625264218443689
ck_ace6b72e5bf3e93b,0.29461327115512753
ck_2afdd69094c955c5,0.0406486667832874
ck_fa7d5be26bf7b31c,0.0665423416916243
ck_4b041217690fca2f,0.04134696857499831
ck_9fb8e3d38cdf276d,0.7963313399039439
ck_c1ee56d65a42f59f,0.18440228268760317
ck_fdeaa1cd085691f0,0.10150177350694664
ck_5de33a7a87e9aa62,0.031351227920210556
ck_7476e7fe1ff45545,0.02411479288828969
ck_b0a947b498e47018,0.00896006405503826
ck_e3894ed88a7977e4,0.005344333564014649
ck_c7e07ebfb0bc15f6,0.02883816513997476
ck_3a3daa8b376f2a18,0.004409915278352391
ck_87809324c2675b0a,0.018430324618098244
ck_7eb4f33260f1dcd4,0.03656398655332262
ck_ab9f0e08af030060,0.0205634664983634
ck_5b8fc4a76f340797,0.023722882839416485
ck_0e7bf10ef49aa818,0.03982436794982237
ck_a44462a3853ac67e,0.9727086866141641
ck_2d14bcd2e0fc043d,0.0030498131820972953
ck_df1f2dba802296be,0.8815409036906041
ck_466a7316eaf149b1,0.039473087535035735
ck_50df50af592b0c06,0.013886679944609917
ck_5f9e34c849704b95,0.008314353112157296
ck_7836bf6def26aa87,0.6027874224087377
ck_ba175b1bd8efaabf,0.01065776606061677
ck_1a0aac7f7b94b1be,0.12787247309722888
ck_6768c4b2aa8ce586,0.010210240754488117
ck_eefcf0ed15897898,0.029662287454878825
ck_7a6cb27e390b6ceb,0.009063993641973307
ck_5275be4e1577c1c7,0.006668659067380805
ck_6bc0e5b8c0b7d2bd,0.00987849011355527
ck_4874bdec79f9106c,0.030781506220097673
ck_a678731156ad7bd2,0.11404354880747984
ck_db906debc36a5d1e,0.015279899962711504
ck_e87897767c612942,0.02262136746358898
ck_45ed5ee496ef8a67,0.01338122138393556
ck_ae20e28f9854f3ee,0.05995227370529638
ck_9ee044b73943a90b,0.010149468597676254
ck_dab34cf6f0626c9b,0.03002445088098472
ck_64a02b7b96149810,0.0029815855955860077
ck_c417d06f3e94685d,0.022885022904182713
ck_3e0149cdee4cb294,0.018942092376603402
ck_0e6046fc30f81705,0.020266607940407695
ck_c383aeabd53e9c89,0.01872018549872585
ck_2ef76f1f36e8b869,0.12750418807037245
ck_43948784650bb9ac,0.011842469084775634
ck_bdb966f43ac350ee,0.03573563311862522
ck_5bea0e0ee0b094cd,0.0046142314590578385
ck_dff090f03ca5529e,0.00326085445144637
ck_a4691b57f837d88e,0.016003529023621642
ck_99ee90946395d74d,0.25751162124815696
ck_cc81dbc83a8879fd,0.008613364032066561
ck_f3dc0725621b3a35,0.003579659109989065
ck_1bb212d1288b9689,0.03300477091489445
ck_9e7278fc7679f002,0.014337008633376851
ck_3ded7a8720d7e311,0.008966978968925338
ck_798157bcdb9453e1,0.0021742263529364683
ck_9fba80f56f357fe1,0.007282739155504173
ck_f1e1c8491f16f912,0.009823505412330538
ck_7b1319a5ca2f63c6,0.9576046602253113
ck_124432fd5c92af7e,0.827825731573743
ck_148cb0c723284dc0,0.006300445620362964
ck_b56c62c950eda009,0.0038198646144031474
ck_a0498755cd8d7188,0.004969904357066087
ck_5379452a9d74efae,0.003034303140832832
ck_6c2453229d608183,0.015340635239126372
ck_f9d8b4813a88c1e6,0.008968486799718497
ck_c2c7d1e45a521857,0.024962582866360293
ck_4364a83a11743888,0.013428468451095207
ck_2cdf5fd97ba75e06,0.07472139068404625
ck_71bc01291e0533a0,0.011008320026071827
ck_a725d7aed2a0bdc2,0.0026587213896415323
ck_a9b0c4dbd7db6a91,0.02029257764915399
ck_a4258806a533efa9,0.019471326714102847
ck_905e460591d9a278,0.10508363445430467
ck_20de8abfd8960ee3,0.022623551996927983
ck_252b0a0f1119b220,0.003027093078950634
ck_95e4bef65c36af1a,0.00680525998938274
ck_5ab68b434ad53fea,0.004530339814004903
ck_13677a1957078827,0.008569540574322347
ck_d251e9fa09e542dd,0.9793378536573674
ck_700cb620f300dd47,0.014561841811628345
ck_39a68c55a1bd3ace,0.1638488234501218
ck_61a59a7944d6c53e,0.05195893734404069
ck_db6d1c6d31da967a,0.004673716713281866
ck_650020c500b1b50d,0.0072387520971515336
ck_d812eb6930192793,0.001897590796159118
ck_92f6ebc11ebca89b,0.09644580110799764
ck_d87e26eb5bc84b01,0.001568436688475147
ck_66439e697695224c,0.0021970943913279376
ck_f21efd504faa654c,0.012427154772382931
ck_15eed0f5652f0352,0.022961484990407788
ck_bcdbf57d98dc0d27,0.034511017737306006
ck_873ceb8004d3a9f7,0.017850613529341575
ck_70bef9ddd4bab005,0.005016686202236195
ck_7560f1891d66f294,0.0014187345901199991
ck_f439f16f8693883f,0.01150121567273226
ck_14f9535e53f9c7a6,0.0056313895565058445
ck_5984be472d2bc267,0.1081993037988353
ck_ed01be7504dc4187,0.020957536680688865
ck_dc3d8b5c17b67ae9,0.016454078865139013
ck_9dc23031b6b494af,0.04584254713182196
ck_fbdac0221bc03f66,0.01563989920234961
ck_863708a99b92ef0d,0.02730942243033435
ck_22b52654776a1ea8,0.5250891671444702
ck_a0714f98001efa0c,0.01831482401216515
ck_9c56114f84e9a541,0.007242906485766649
ck_e155cf506b2fb699,0.04060851311061965
ck_65ed7e72f24731e7,0.0054412575944033864
ck_822d6e8e43befc72,0.3576696565846846
ck_b1182471d9ac6b26,0.0021641778307010277
ck_821446adc95e6da5,0.008890335710523155
ck_ff182f033134dbb8,0.023545776241299162
ck_9c5feef7647b0588,0.03373580824723557
ck_df935d8bdd44883e,0.010386072863815923
ck_01eb24c18ad11fca,0.13126524793487593
ck_00d6730134a1eb51,0.04406655312120389
ck_79ba8e85678d0224,0.01395305818209533
ck_97e3b04a1350f6e4,0.016344555980665896
ck_74e9747954a46eaa,0.006980179819288736
ck_397d5fcc9972f909,0.036875403737954685
ck_9ede89e8a43c3f53,0.06282783191742443
ck_303b33910d67f306,0.006988123702517356
ck_3c17841636f6f7dc,0.009707825798971045
ck_78730527f8ba1438,0.5507355924686788
ck_5ee32bc6bb5d1d4c,0.13750844740822515
ck_a13fee8cd925d0dc,0.01146742595803525
ck_6f847263379f2e43,0.03513585883424427
ck_9b9d9e579e7b55b2,0.04211873650538958
ck_87c1d0a79e79c84b,0.013825712947291513
ck_bfc453eabb472f91,0.004977969146642757
ck_978c21bb5fe3171e,0.017357876010904334
ck_dd882323474431d4,0.10216047516237636
ck_533c4f7400d5ab22,0.055859081760023924
ck_5f217bfe28954e75,0.9658470951729823
ck_ae96d35465b3b4bd,0.004142604067068191
ck_512ebe97c0af94dd,0.016532266766869266
ck_f558fe02bb0219b8,0.010047114539251374
ck_84092e23d5ef4d51,0.04314353468381441
ck_17d3022ca12eacd7,0.010857641319354272
ck_8a8f81bf3558fd9c,0.004602858380257452
ck_0ada6fed1864e7c4,0.01008081329831073
ck_21fe7bc59dcd78fb,0.008166803573799529
ck_e136e20c1c74fe38,0.014310376881352274
ck_e7a530e09d113dd7,0.0213190810586029
ck_7cb0c9ded4d63027,0.05799173218156837
ck_102db9615e722c9e,0.07183153193108177
ck_129e39ddfde92eeb,0.004098317655885103
ck_d730ff21bfd7769d,0.004681034025856983
ck_54459b45d2be8459,0.0036594854292189916
ck_7f1c20319eb60aa6,0.96210486836942
ck_939fede90473e412,0.006502170914281851
ck_e0f9506a6d5f4a1a,0.0033229039152110553
ck_9a4967cdf49265cd,0.21356631438463358
ck_b9eaf03453ac7d5f,0.005106177508473094
ck_522477be6376b450,0.007320311504765806
ck_9b6282e3bad50710,0.05314724285675577
ck_a0e3a2facd508e49,0.02108710111260778
ck_97ffae702f7c3d08,0.0026839565462658315
ck_344a95cb7115ec67,0.004531038869472201
ck_1f2760764afa45e8,0.006000181333399469
ck_720cd658d11ea428,0.006790314550918765
ck_04e32ee9834c088d,0.20655081644349743
ck_2bb1389e5e72c8f4,0.025725561737987502
ck_961e7dbc217cfbbc,0.003580623211925973
ck_f3bce4eccfa6d6bb,0.005767940236169842
ck_e0ccfa0d689339be,0.007801322781890215
ck_98217aeafa0bfefd,0.016418409673031976
ck_a02aeec1914c158a,0.01960505215703251
ck_20a17e8f206a14c8,0.029625875276714297
ck_114c32aad4b6183f,0.02354615070157983
ck_79f5198f0decef20,0.004330430725144824
ck_2209de229b4c71c5,0.018090250745867793
ck_6ee939b7f396975f,0.009842635223304233
ck_202f0c14b07ace01,0.0947618756288351
ck_fa24db9d416ab904,0.007721806673306598
ck_cf6aa24b92c4d33c,0.23447344748562532
ck_45f57fb8194cefc8,0.0061019767895389805
ck_d5eb179dc45394c6,0.017237226969248887
ck_efb24be983342f75,0.006230995041976318
ck_245f5d62ead5ef28,0.008205649892073912
ck_15fe2a47fa7e92ea,0.003718982498822752
ck_b6527a85fd682554,0.030916910446629614
ck_11f9390a11ce9ff5,0.018412512729018997
ck_ffb4d892c5158201,0.001781996341344729
ck_d4c1da5a1427fd6a,0.031914245783809664
ck_2c041b1efb1c5063,0.00751440014716722
ck_ecc18f40b33be769,0.03999108944305252
ck_0525349f3945375b,0.0683795372605358
ck_0bfe62e0c7eab9c9,0.014030219962849083
ck_b7c37d410b1646c2,0.05187930359821534
ck_4b15b0746318cf42,0.07875233947678636
ck_e5ee006ecd8ff661,0.022404863084102555
ck_ccc83cf66365357b,0.04776891646871385
ck_34a33ffe8339f66d,0.8841377846593115
ck_4e39e3b165edab58,0.6072727831767244
ck_1a71f8081ae00190,0.7870186964651251
ck_ed8f1200fc049c40,0.9276783149742069
ck_8a5a57858e8c77f3,0.03969345686447077
ck_fff9fdc2adf5100b,0.8341654562743891
ck_c76f1bf40f3b787b,0.0032940449141225453
ck_1a6ddfeef82b1b1a,0.004925688313398282
ck_478d2667aa9896d9,0.007945408446877177
ck_641c8e7694b21f3b,0.005758994739370547
ck_293581d879f6663b,0.8675179079008188
ck_1bfa8abdb22be8f0,0.010548984176309836
ck_05ab5b03d0bf9ce4,0.22107003785984777
ck_35694db37f0cde7a,0.004572930909008309
ck_fe33eb743d714c03,0.016806818115795114
ck_abd10fbcbaf2b038,0.02887693237573463
ck_46d51648c1bf80e5,0.13789784286007792
ck_5c8390017fabfaef,0.006849277600989419
ck_87d55ca333f22072,0.0019683725835866663
ck_c39c6a1453e2b92c,0.002873085066164143
ck_69ff1b0aa143a168,0.002454967968528192
ck_e57c79eaab35ded7,0.003614675422933675
ck_463ae759e2b6ad1d,0.018216013959027857
ck_0dae4a7eb587f3ba,0.022406323714707466
ck_9b12fb56529ebc4e,0.012504360134402207
ck_1af547077ba2dd03,0.1543178298568859
ck_de13de941bebc7cf,0.00800538419137989
ck_83dde7da2bf647ac,0.003512101784061671
ck_c80a94d4660041fe,0.01939533404672981
ck_f39cfeb277ef6528,0.002425628051978993
ck_1cec1ed1512a2d3d,0.002836406876022023
ck_7955a359b6448799,0.006848024897783416
ck_8c0955dad13c3ca1,0.0039026553050467284
ck_6d4cd2de601a2308,0.009483511652977365
ck_f4536ba8dd2d551d,0.010908268444131335
ck_b379c198d6db2d62,0.026284220917444135
ck_76ea90ebc74bcdc7,0.02338570719538384
ck_734f06bd4aa92781,0.03940852058387141
ck_677e1d0c14cbf569,0.0039521106788361834
ck_259271c70f3fbcbe,0.015232121961259363
ck_c0b744eb9e7d4eb7,0.028623827266802564
ck_3d41faeb96802f68,0.003541759444537105
ck_8f604fa70fc3c8e3,0.013491609418919548
ck_0b3c3bea0e0ed339,0.029847677467463602
ck_be5df076b8a86409,0.002764660297382071
ck_6a475fe324d7d790,0.009843457565680292
ck_3ba3fa5387bacee8,0.0017216535729261558
ck_324b9939d9c1c31e,0.02420434454053778
ck_a7fcf7b592f68ca1,0.04573674253375712
ck_5b2728f7cca414ae,0.002076599540835407
ck_5f4a25ffd0b85a47,0.014389606074629047
ck_63d4f5076fe4406e,0.006173778600302831
ck_af528d66c86f0cb8,0.008102446005738369
ck_ac7cdb9b8da7b5dd,0.01356902152121876
ck_3bece63711407e25,0.009967469093938463
ck_d4e0b2a12fcfc35e,0.023894012674340673
ck_ee3e7c9d3a9c74b4,0.13777182799563317
ck_50d7c4dab837bf66,0.0067881034869629025
ck_ebcb93a2990fc914,0.0269960158061337
ck_2329cc9702cdf7a0,0.01558984551158156
ck_db1fa53d588bf99e,0.00871574145393207
ck_44e57a0bad5a0745,0.009660986756037245
ck_472c81a144f4631b,0.003815128358340297
ck_1658429acd5306ba,0.009327950513526103
ck_466103ec5bd9444b,0.015119707290428835
ck_9757163e25262b74,0.01317178108856675
ck_34ed59bc2c9b0186,0.013631951275534392
ck_b7bd3a7f263f4f29,0.03772031925982597
ck_149662b09d632e41,0.0069612570438463165
ck_a9ffd6b3957bd41e,0.0052195514810751175
ck_ab80466ef615e85c,0.009045827574419109
ck_f2c824d3473db24c,0.008326538133702502
ck_a4a01fd45936b078,0.03133180459656831
ck_8f6ce158c2902877,0.0018688943289948434
ck_5189a302cfa7cefd,0.0023368581871089098
ck_430a3d03be588201,0.004983787932694519
ck_b5f9dd00914b4db4,0.008684304017430951
ck_52dec82e9cf6135a,0.0041144003601340925
ck_95e444a01e2ab4a5,0.012744406914631228
ck_e37cee7b123692af,0.015995171625120583
ck_d68d42858a55adff,0.033650468701428356
ck_3abfc010091d679d,0.015176376219675157
ck_cee4e4e1b62bf82f,0.016258104686769227
ck_9ccb17c35e636c5e,0.00595967590298186
ck_f72a5a3b0d6c1177,0.0037242279093342764
ck_7508aa554fae6afb,0.0677391991185504
ck_003aa842b7ca1d77,0.5323821859698508
ck_83b2b192f41ee2bc,0.12302687154580229
ck_64796b6b2c3c7f06,0.013432685001667817
ck_6438ae81d43cb196,0.06037159804263226
ck_2bd73d9098504760,0.13530723593534585
ck_aa8b9b36a099e4c8,0.014691842366336123
ck_e5ece47d0dd10526,0.007995610720398285
ck_16077ac345472e6a,0.012441861986638162
ck_a4d6e152b0076964,0.008762061739003683
ck_d90b1d03ae151f62,0.027513944781697344
ck_18b36d342b530af4,0.01986507246287205
ck_2a01e610348b84f8,0.01484142498524787
ck_0a93ed76bf36c8b6,0.010053863770676068
ck_3d56b477fe2370b6,0.06513895209579648
ck_17ab3068fa303682,0.004309138965059265
ck_592a3520d841d11b,0.026131550062166338
ck_84d07028b5fca2f6,0.012139099946022247
ck_f4a2bb10afa85743,0.007583320015426853
ck_4fe4b072f03f2c1e,0.005033420176842327
ck_9ad08fcc183ea1e7,0.002355629306633656
ck_130d3848b9dcdb05,0.006196387611079338
ck_bb399ed6bf28c230,0.01881093487542896
ck_a31a64a39a2c4941,0.006983249479282645
ck_c49f25dfb39909cf,0.0481411001959168
ck_55f50a9ae2db8ff7,0.004434455251011726
ck_09faa4e771cf876b,0.0032135722599801685
ck_df520a7a6e405889,0.027670284735292452
ck_8c8c98cc694ac900,0.020403786865744504
ck_7f0c4f609673ef62,0.012175812327669401
ck_f51fe59cd445d2cb,0.008630901351210413
ck_b3fb83f0d772a831,0.019958179818955795
ck_d6e7e257751c299b,0.002370178402273229
ck_0d362ddb4a1cb6d4,0.004622462449008429
ck_a574a08edaf81781,0.007367932787983743
ck_a823f5bcb0e4b9df,0.003920827642892428
ck_f792586ad0381eac,0.013475160450016302
ck_54bfd70022c66983,0.008277258025780403
ck_fe0a9372c9372de9,0.004708333524851105
ck_5691cd6fdb6d8147,0.011333632473954669
ck_a95f212a02433d23,0.004042430442476846
ck_f5adad75e1c06731,0.044285398598652305
ck_e09c97520eb0533c,0.021037928677195106
ck_a1e13c0d58560340,0.0026357674447869146
ck_cacc2ca410cbe80b,0.04292413574344536
ck_c0dde2a6ef1e08c5,0.0036886343574663205
ck_a04403073c90ce38,0.0018747512145628159
ck_03d3026107175dae,0.016655364072658333
ck_50176dae5b1b716d,0.005500477574686601
ck_6c084bfcb38e96c3,0.07112327368681648
ck_36d2be9012f7909e,0.01781187876058759
ck_958acf84c6137a22,0.01655695697152752
ck_114722e12db90a73,0.006765684100399611
ck_203c2a22c0c165ac,0.01240380802669282
ck_2c44ca550e5cfa82,0.016417178283147503
ck_df0a8f20ab8f14f4,0.016003784988791847
ck_826a27ff7555192e,0.017190550727391844
ck_09a988ebcf062297,0.035133588592744104
ck_5c82444b3b9160ae,0.013087842138677303
ck_f6a4a7ed27fe76fc,0.03788394146223168
ck_17de46314b5c6a92,0.007615315591183332
ck_335e63101b1e6c4c,0.17200600029396548
ck_c5eefc0697451de9,0.01641639405872787
ck_49a0efb5d4067b6f,0.28699011215256165
ck_c1f4509c8f5dac5c,0.013882275412540727
ck_57658eda1c59bc52,0.004603787339519674
ck_0d5c0736ec76385a,0.001585564196084158
ck_e0239e6ae30795a7,0.011609614897713262
ck_e4459115cd8e5e4f,0.013098160286530845
ck_bb4aec09d4968dda,0.2267533577159282
ck_a1b4c96faed3e0db,0.040647544238932645
ck_8247b79ac67aae7d,0.017709867881884594
ck_fe2fc7d6e5d83f09,0.0039038630716914813
ck_f6aea576cde8d592,0.003338656511716228
ck_b7e7f7d0cd886412,0.0890440308813621
ck_ca7b993e8286af7f,0.0025248220874832692
ck_47de038381a9cd65,0.02359486821064068
ck_d38f941d09eec820,0.00876142904899868
ck_d9ba2a6c0d926b4d,0.0024554861043268347
ck_cda72f597330d0f3,0.005224073690644887
ck_16d2d27fadeeacf7,0.004957941367471457
ck_be05447853d423a9,0.0017703423673686351
ck_cd92852d7376a4a8,0.0025037932342302782
ck_2faf7ecccc9fec58,0.002098698073602008
ck_db8733fd92f20cd7,0.027498080037625355
ck_a9989a3a94c26634,0.015655543319643715
ck_957fb25437c75e41,0.032926388701822955
ck_e6a6caf6e7de17c2,0.004494933981956194
ck_f7bc569b37e8bdda,0.011375637841375779
ck_703b375dd86a6124,0.01864340168027859
ck_d3cfb3603f2c6ca3,0.024957674881100487
ck_07cb2b6f2a4303e1,0.017417515388837776
ck_31631e2028d4f855,0.009327513633998684
ck_1631bab0ba1256db,0.019413045082405617
ck_5fdafeaec036f016,0.019431907516649107
ck_6eda4c36aecad602,0.0033382748417289275
ck_bd1bf9e3e29de281,0.12951020248730472
ck_bf378ea558a4125f,0.6894498626455582
ck_7aa2deeda0e57412,0.9921638846583242
ck_d229cf7f5a3f38ca,0.014547424825643002
ck_9e109edd124492a5,0.004455216750175319
ck_779491819995625d,0.44085007204473214
ck_b89c6fa2ad0a12f5,0.016006086615461358
ck_1d01b4a609918c4e,0.9090152358465972
ck_714c5d7cb17bc9f2,0.0117723681695098
ck_269f1746f2609ed4,0.005098843684629376
ck_4be03a2aa62b93c7,0.0021786374854613423
ck_cf920313f6dd28fa,0.026269311778400768
ck_fb00aae4e17740c5,0.007505018419454428
ck_085d8c42739e2b10,0.9893359614671657
ck_c72a7d0d03cf3e17,0.05674548121950588
ck_8f6ca5d3b17eac6e,0.004145329353349523
ck_d9573100bbff4014,0.3070922546068491
ck_79d6793d1d0cf43c,0.0033606219618119277
ck_91fa5032f7aff0f1,0.044348452216881
ck_87110d84872c0fed,0.021422803536029707
ck_8220da627e9992a5,0.017491803898100223
ck_2ae44938847f3852,0.009671902839005148
ck_b0f191e44f9b6f35,0.06430552565820813
ck_3049d744b527f4d0,0.0052195554488691735
ck_47d3e8d1dd3fbcef,0.041740758665983174
ck_ddf787359d2b5deb,0.002117095668063977
ck_b27a9e39726b26d9,0.00609852614559884
ck_80c4e9274cf976b6,0.9875180781528554
ck_c6afa913168ce8fa,0.00546264869094479
ck_52427b3f8478db19,0.021583324197425313
ck_3b810f15ca0eaa55,0.006579011788170711
ck_0c9e420f97baaa06,0.8258099476224239
ck_f8540cf3a8b2f8c9,0.032445442909108294
ck_1402d24dd623df72,0.00554361069109448
ck_eb4f4267e24d042c,0.0040565183974733505
ck_6f661b428d6fb8e4,0.029438866874193358
ck_519a26ecf3d29c90,0.0034193979722943455
ck_e886ba71d4a6fd73,0.01526279760802373
ck_437f9ecd2016a1a8,0.00898932576345092
ck_f01af1b0c977cc06,0.012812731006127431
ck_614f777c2eb5d537,0.0039399673018804746
ck_b804e784cde9af8b,0.015613838412287607
ck_c2dccbc1b24b137b,0.11633628610268118
ck_1df4a1781a0f6999,0.020408917883630466
ck_bd2cdd53fca26171,0.00718016600934643
ck_424c254249a109f0,0.018153821097649448
ck_cf2ca4f286e289ba,0.018952299917072448
ck_6c33cb15b0d8af54,0.008271323509356164
ck_311d395fa9b8550a,0.004817929047148196
ck_9f792e7e721ff7f1,0.003367647301105937
ck_4c37586080edb7fd,0.00439578291271782
ck_7c4f42c5397113b0,0.002702976936696725
ck_fc418f53ce4aa579,0.9289163103735382
ck_1ba28fb7ef726ce2,0.015578056141291277
ck_d932f98bf6b83956,0.08148012000115673
ck_248b3659a9239240,0.018859080619483642
ck_6a92cf5f4cf5de38,0.015691893879972305
ck_65519d0fb137e0c5,0.004762172356707603
ck_ddc3fc99eaba2064,0.024313970202290376
ck_7310cda3bc65a73f,0.008804595916897149
ck_c01c85bd631d4054,0.007555524275976393
ck_b4954d16b9749829,0.02277267016554835
ck_f301f6758e170d66,0.021678965059991343
ck_9bf95f8c47e7c7b4,0.005997649674264185
ck_c91b7fccf6aeb4a5,0.027453559299449173
ck_785fa45e86bc5e95,0.015148854554847817
ck_2a65f1cc23f1180e,0.0019825052783709915
ck_a49a2c1f881a3560,0.005725120738544549
ck_def344d68f06d749,0.028509292581995277
ck_abbd1465fc730d78,0.004050841300583928
ck_07a5610ed28162fb,0.008969339955111602
ck_7ecdee2d7127be8b,0.01053822911418416
ck_67858bc00e81490d,0.002565588065219098
ck_b4ad165ace910222,0.005790256295605164
ck_30753ffe481a1b8c,0.45962139639990895
ck_c401a26725b17177,0.0031531309083359994
ck_819988d8a7f26415,0.005781495979394106
ck_3364a1d9261b3638,0.004693390506564779
ck_c484c5bda389bf20,0.0053070687791860185
ck_ae416325fef92c9d,0.9042156170578379
ck_5517b9a865960542,0.0074339622935507745
ck_a0e96fed380440b2,0.016555681433651943
ck_e83409471d2b0b44,0.035005346855652236
ck_127273af97d7827d,0.005615658272322389
ck_aaa9861c91bd14dd,0.0075393797194848195
ck_a378c58294001a36,0.8342114569293602
ck_abb9d65ff1f95b64,0.03476328985285121
ck_a5ecbefa849ae569,0.024076674443255255
ck_aa9953c0ca2bed7b,0.002955240716295466
ck_40bc6de252865f32,0.004861443685799615
ck_9fb11688dcfe1513,0.008223516173172315
ck_ba68841ca2ba073d,0.024515803322525963
ck_1d3e561a7d20be0a,0.9686566414071127
ck_99a92d710a29c1d0,0.018721065501910418
ck_ede2e887697ffac0,0.005601209273430694
ck_e6de67c0d82a7b83,0.012633220587401456
ck_6b38763bf5ddbcef,0.02428171479245704
ck_8dd44eead7d765a5,0.01947569862030482
ck_30bf5b0056eea9e9,0.27421573219913975
ck_2981d16f8a51a8ed,0.03312719528214886
ck_fc60f42c68c7024f,0.024342714697981507
ck_8e2b2251ee224aa4,0.01365318908015897
ck_1906f0dfaf6e9bad,0.7603610795844228
ck_dcbe6814fc4ca0b4,0.028352758635545483
ck_f7e958a286ae3b57,0.002763998810845221
ck_713649668a7ca824,0.013099822376517706
ck_6f73cdbf9305e2ea,0.01103007222409402
ck_dd1c490050cd9051,0.02540564134380179
ck_e30db36e376606f7,0.0439448485571549
ck_740d8fe8028b5a2e,0.006167741205962775
ck_ebbc9418cd41f692,0.007152586666517175
ck_7b3cc6cc3f250f39,0.02007275203832455
ck_1d30eef7110809e5,0.450925703735693
ck_77e0589ab339ca66,0.003360383075345113
ck_15ccbf8ff7d14086,0.010059731796040272
ck_246989b0c288664f,0.015243616644593734
ck_fc2a6e27b10b10e9,0.0027081171882704894
ck_8afc1112c12f5402,0.00604065348361987
ck_a76e8d83b9141364,0.03637177442715707
ck_51d3e8dd7465c015,0.007595751416208928
ck_e7b4016909405981,0.00353336544094965
ck_e7a3cfb9bf908e80,0.018534318833078232
ck_2bb49dc2388cdc1e,0.0028513819990870133
ck_94f4266ee7871345,0.007818878689846969
ck_b2c896beec146477,0.010493796185171655
ck_fcf5d4a4748cdd53,0.00678788809841009
ck_fd0483639811f62e,0.09614692114357759
ck_9a21d183524734aa,0.040601495196449525
ck_1df4b46c0a4c317d,0.022341552780752005
ck_638df9e8a22dfe0b,0.03201826193740984
ck_65acc43a6dc3e65d,0.005217175075994394
ck_7c67b73196e3d0d9,0.014180514799196658
ck_b0ee3a98175b462d,0.0024477285721475855
ck_20fad010969f1abf,0.0046070563930203975
ck_54b087bd873af8b8,0.007613979189632925
ck_8007824431fa803b,0.004383599830111682
ck_23aab322810b9fec,0.01828072968295851
ck_c8001bdb9aafc8a6,0.009000314274644204
ck_3a34c3ac83cf84b3,0.0046959196881985405
ck_60187ac2c473a662,0.9663791797127153
ck_6a0ccd7357979f0f,0.04456016040037603
ck_27f20337bef5ffe0,0.016633150548990578
ck_f9fc468915afe49c,0.04398047189213934
ck_1eabc15a94bd9009,0.014272176351559331
ck_26896c494b2768ef,0.013941084698198748
ck_348c874eaf0354f4,0.05739145468352213
ck_be9c46acd216b45d,0.019512352550237828
ck_a3cce46d15cc20a2,0.05057546005057752
ck_70804f60d9704128,0.017433356846670828
ck_a019151ca8e7527a,0.016967411869688323
ck_571133b2aa8ead51,0.017743200131901424
ck_0afa4449f20d5196,0.005080678656664253
ck_4d503c41cf4e5034,0.018447713269672327
ck_d6fb9cc5171e3e9b,0.85337825372447
ck_05ed92a7c3e10e5d,0.0162106057728893
ck_bfb067986660afe3,0.015926844825103075
ck_c1a31690c8573226,0.005842121663450297
ck_cb88ef3dc1f42225,0.006939686603130053
ck_21e3b3bd998745e5,0.017389984719412936
ck_cf52e46fa54e4540,0.004280233723749658
ck_b72c7ac4208052ab,0.014564073246104373
ck_e6465c56b337e6c2,0.013202480645434543
ck_5f87eb05d18186c0,0.0029219200189631003
ck_263f6c5ff26b5e98,0.002644366873023617
ck_e0b7e2c0bbe228d9,0.007287741243060527
ck_b657ae3c146cb7bd,0.0031329341034579024
ck_abac514d8167ea58,0.1633027300484666
ck_024dcab126876002,0.013801280098274341
ck_5d8481e2b38bd99d,0.01728934921336282
ck_edf229c17d25dac1,0.10538173324358198
ck_6cb7c97b72d6b5d3,0.015883592685774835
ck_c96ae2c28086a059,0.011139590421382321
ck_2f241b97c0f8389e,0.011227120437371793
ck_9158bdbb63ee8987,0.014942718894394066
ck_e7b40b60786c1530,0.003334623750788713
ck_66d38518f68e6194,0.0021849304168131793
ck_8c9b57ad2a991416,0.005385075207832567
ck_cc91bd7152d3e9ba,0.009475658057383393
ck_0d846660c7957a88,0.006795978725091107
ck_60896cdac2212bea,0.06411244207578666
ck_dc4db8b932df49de,0.07865199978117238
ck_2dc31db181150e20,0.005195896535133645
ck_2f138fce1171e277,0.02474285937751148
ck_68b8b859a6ef505b,0.026922950943349462
ck_c3fe0c6c5e1f40f6,0.007588730542852476
ck_15886fe84866de92,0.017027624638739663
ck_ea269b35406473e8,0.004233592726220747
ck_3ce7cad1f69b71d6,0.014990240948192362
ck_054ed4288ee58d6e,0.018829150519922143
ck_3d4913a86f207fee,0.03816168459421739
ck_23ff85f9d2355e8d,0.01150217122282692
ck_d87ab3261322216a,0.00342722387539785
ck_fac046ce336fe39d,0.006475710504822622
ck_beb97e498e6cf8e8,0.02595209826442747
ck_1f517e0ebf397b51,0.003325334017636383
ck_0af57ebaa45877a1,0.0031396194477788767
ck_f99bc1732ce5e999,0.025719522520182232
ck_abb056a9deab275a,0.036283566511083394
ck_0bfc394c5faa65cb,0.07556789520160438
ck_ddc865af1dd5670e,0.010272755169672399
ck_68b5542459638b56,0.025907549843816276
ck_0b1d84252c0b46c2,0.006236467351979981
ck_520ec32c4f253604,0.023563095857631333
ck_79ffcfee599d77c7,0.01994666671998899
ck_eb224c0fd146253f,0.06523956624666487
ck_0e477084434da450,0.012720099217186498
ck_07840bba5570785b,0.011231239496049051
ck_6b67fe8e310ab865,0.017865046367230984
ck_e2a1068c2fa22525,0.030259706874814114
ck_b9c6b32f6bd92a3c,0.004297158984090875
ck_c1e7d1021ae58f00,0.002060179723574491
ck_5d7801201749ffde,0.01831870925799661
ck_c8806749e263f70b,0.0028704243346162387
ck_c9eeab826781dc91,0.01846027659481723
ck_309a432c160a17b3,0.004641601399550535
ck_b22e3337b8e3dbb2,0.008955555798550575
ck_79c30169c71b8033,0.9344086783634306
ck_5a6593d954085775,0.003702132824902807
ck_70b9b79ea1aacba8,0.01658269738647769
ck_63743141ffa11f45,0.0135951287972018
ck_dfd3dbd0d97a642b,0.006563714836328707
ck_635646a661f05b4a,0.014262470132077536
ck_4b123d6931b6d0d7,0.5176340114123992
ck_f2b0e7a47f442557,0.7686779912957635
ck_1b1df006b81d38ba,0.012422698967789124
ck_360237c1bd30f4bd,0.008870651814103545
ck_5e84bca0e362da20,0.02289124656200252
ck_142dba210ed2f3b5,0.03723865330814582
ck_a3564236069e3524,0.017095417296227215
ck_cf36d8b070ded782,0.015303642944221717
ck_ddd6625c5eddad70,0.002598509334424148
ck_ad54292a0b2f44ef,0.014998713673492836
ck_45cd5ef6b359e9b4,0.0076989102101652955
ck_982c2392238b7be3,0.3880754919805509
ck_083e4ac78685c3bb,0.0236559922833204
ck_729cc0b46cc2e546,0.43485120429908297
ck_f2b8995fe5402759,0.003605536877430755
ck_73e24f5a8da289b3,0.028378980618564986
ck_bd85f30c36f5998d,0.09559026533292019
ck_ee4ff3aeadf912c1,0.0028386037685293793
ck_63d2978706e193d2,0.016591277032604185
ck_6a0684436a1e66c3,0.8084661506679501
ck_182dc4a2f5a366da,0.0025083762987720523
ck_e6fecb82fc2a82de,0.007929481259190874
ck_cfb06f07394dfe64,0.00649953804524373
ck_7bbe1dc8add17ef0,0.021562123108172692
ck_5cacad76e02c8e3d,0.8751056573820629
ck_ca68dec0c7df5a12,0.003998352010059787
ck_e4c0fc52c82065d3,0.0076455830644302225
ck_f9197b070416f443,0.008880952935167798
ck_2a07c7021b71cf65,0.08007158550873979
ck_4fa85cebf707de2c,0.002093399053537134
ck_0063d2a9507467e5,0.009871985395072308
ck_ec986285fff05b7d,0.0024087193308652177
ck_279d43303708109b,0.013586013469229597
ck_a406bf11e48cf8c5,0.05491937878462438
ck_064b2aa3f0bfdb6e,0.010315697808142536
ck_95790440bc4bd2d0,0.025005302633802438
ck_70066eea13b4c34f,0.00700318999252043
ck_19468fe07e26f992,0.9590954031952518
ck_86bfe328e0a533b9,0.8523307349585145
ck_ace3b96c977a7560,0.12514531785364352
ck_642344e5c652d8df,0.022660543756190483
ck_074be35c951ae10a,0.018015263002973375
ck_f14dce41036486a3,0.978330111070035
ck_5cf67a3a747e684d,0.28324366163218856
ck_f7285b92648c1c81,0.002845950351042187
ck_bef3193f124fca5c,0.06376869707604439
ck_05c4dcbb45de1f8d,0.01230646536170836
ck_d7c28eaa05bb7144,0.011714775576181037
ck_320df984791a1b99,0.005473366639016439
ck_f45bad1606fa00a7,0.00800417628204155
ck_6f81c199e986d9fc,0.0099505750286355
ck_d0c9633fed57c344,0.004926572001389987
ck_a3c25d6cc7478068,0.020979017668074158
ck_4185506d12cf9fa0,0.0021999103371982435
ck_7a02ee1bfba7353b,0.0149269929922515
ck_1b52590757c0fbeb,0.04194525055255923
ck_a0e5656e1cf9cbf5,0.005588889774867204
ck_ace21f6daef94f6e,0.006512451930500845
ck_646d8d0834782d6a,0.12607674744655326
ck_1f136a4476b5e775,0.013951406364228149
ck_325c7643cce02da3,0.09268067450712202
ck_9b5e7fe28208f5d1,0.005112528218972354
ck_05d81b1a150f31c5,0.0021296988258426566
ck_0e9ec486bff403c5,0.010225435199081943
ck_ee13c091bc379188,0.010875954487054694
ck_f7a7f8f5903617c5,0.005458008639176774
ck_96c3a3517153390e,0.018169286992453126
ck_538dad7f096458ad,0.004773669064529261
ck_8758fc6622bbb7df,0.013261696464117921
ck_f7e53af3c91fec64,0.025192906168454682
ck_80b50fad7f255e1d,0.002602316025640113
ck_9645e7adc08631b5,0.02420773418215708
ck_e007aedbf37d6ec7,0.018370481420857506
ck_2951d76c41de2569,0.05107375441254295
ck_9439bff87e616d4a,0.009759011539905157
ck_a73045e96af0e4fe,0.017756197314639958
ck_7b382e533e2e925a,0.024263041692660546
ck_730226c2d216cacc,0.002871447183003768
ck_bdf837d761a7cec2,0.21503992613284706
ck_0b34197335ba3341,0.013648850573147747
ck_49170c4b31a20f5c,0.003154959690101261
ck_cd553ba6589d8bfd,0.021935763997851646
ck_56b992c6f136fa5e,0.023717889722475093
ck_8beae3d7328fa41a,0.03680597866935948
ck_1a065ea906ae3d6a,0.006045652987326426
ck_e9e3381d5e0e5051,0.012240459103302192
ck_a6d4f998dadc90c2,0.7950059845871524
ck_d36733da917115a6,0.024385001177321685
ck_e738e920bbd74a7d,0.017561924205688622
ck_af65eb885a51048d,0.003076607919088597
ck_73f4eb09af29b1c0,0.03161203741742171
ck_8fc641b1750a2542,0.04929682731255859
ck_41b954c7a948c060,0.00290085595872822
ck_25fc3010e8a0f6d7,0.0020501419727716286
ck_a2624e0387974e0e,0.047781392327028015
ck_5cb9d7b2329d5ab6,0.03952609540531856
ck_6c83aa1d100a7cd8,0.04544229061524405
ck_67025c64588abd1e,0.002742550142960663
ck_f5dde68f6f0468e1,0.003777229451731485
ck_46bfb2cfc29a6d2e,0.007717440390353319
ck_49dddb894d33f6db,0.010005544126678378
ck_f738b633b8862d18,0.0022151049226650623
ck_3d6c3c00d854f5a4,0.1766422905986555
ck_cdb8061d8d1a6c5f,0.008440396020688207
ck_5e1b81848718bdc3,0.015623814019614898
ck_8def763034187436,0.037264962119676996
ck_8f8e4fb9c6190272,0.002799952225800855
ck_368b968b5f33431e,0.007654378665454849
ck_ba7e347251ea399b,0.020177444906353547
ck_9075432001a64e75,0.00900259441487435
ck_73c5371635aca173,0.6492310814626944
ck_81793387b38047cc,0.00442270794174277
ck_0cf220816e320ac5,0.0034499733199970743
ck_820219bb9c761b52,0.33170206969925525
ck_70a932ab39d86a24,0.003407188839772525
ck_2c4be237a7ed79c7,0.0023422825168616947
ck_acc764b49ef02826,0.4396077564328281
ck_74c3c3452e4e7cce,0.005018864539317576
ck_34dfb57e5bf31d2f,0.009535810088969171
ck_6ec39903f765956d,0.017482851924841544
ck_5986119e7d81e831,0.022074217632711602
ck_2ddfc948b8eac752,0.2207511604717215
ck_921ff5ceaf40a968,0.019047527122022036
ck_fb3b68b4424b5f92,0.11198946070573776
ck_c3db1b3ad4f16679,0.01075287488936889
ck_124a197be41687f5,0.015606993627617291
ck_c58d9151834f5bad,0.007258601666055507
ck_389607982eb6b701,0.29910267127577994
ck_fb0c138c003e933a,0.002929244179327674
ck_50d0bb7edd8c69c0,0.05923731538986647
ck_c6cb651149dc9a8a,0.002673227821901126
ck_81e21354e477eceb,0.017023865636712394
ck_7696e38b3e4197b0,0.004452102703491296
ck_586001d3ed9e7fbc,0.006710585798841301
ck_bba413492dc46f2a,0.02399470672749268
ck_95b894380ad2702a,0.012854509940439485
ck_277621473369614f,0.9886422493148632
ck_a50621b5eeca84b4,0.006579507354031906
ck_bfa7ba218b988cde,0.019720678379798403
ck_5ea89567dfe78e4b,0.0179519695659361
ck_6c679602a6476ab2,0.006113666369212104
ck_d3885e286b3b11d2,0.02783976544126693
ck_cdcf6671b37c9c92,0.02819991223024506
ck_b5c93e6d34f8d366,0.0033142550001043873
ck_c24f61925dc158d5,0.10800324673132367
ck_cd09375e6c81d2c4,0.011905198826612973
ck_a95afc7a00303a26,0.029083642647930976
ck_8e89ca8b39f3f8ad,0.00479017873957836
ck_9a84b396aada3fa8,0.11323564230952414
ck_5124a2e415384945,0.0190073670679781
ck_d66bb1f063357f99,0.00497080413452162
ck_0fd9312411b0ac55,0.021539685152042527
ck_ad8cbe6e27e47ede,0.017276832305722547
ck_8398adeaf41f9cae,0.029882042590277633
ck_dcf851e7bb5855d0,0.00393849313888332
ck_9affb0f26776b642,0.004295025006079534
ck_f0424b3b36bdbef0,0.10426032768207573
ck_66746d1090d6d9e9,0.0031074827994310105
ck_e5f8c8a5824db594,0.022235391573665234
ck_3e91dcc209431984,0.042261849716021524
ck_126a82e8d42e5ce6,0.0023625948303200085
ck_38e4a74ab256e2eb,0.007219834413283611
ck_1225a97fc413a419,0.020337226818831426
ck_9b5ec0f78e160e65,0.008357929831267374
ck_7c5529bcc079600b,0.0074711682269681485
ck_29640fc2fe81c251,0.006683026764861553
ck_160e9ba0a3f7c1fd,0.007292179020701376
ck_bff090cb4ab76b9f,0.006050053288110023
ck_aa06ed358e43db69,0.04007215525846714
ck_7264486eb512d84a,0.0049794780841340164
ck_f5a32e6160b28379,0.0032989884307251115
ck_4ba8bec14c2217e1,0.01821137185905823
ck_610815786d729d2f,0.02266117205031051
ck_e267999226b6321b,0.0019975011464542503
ck_f3996a3c8eea1ea0,0.010620181230838138
ck_e9b75ed7567a3f23,0.017235156105244835
ck_d21612d48bb4f7b8,0.021420351994754415
ck_1f871df76c6a995b,0.08047844664167246
ck_953bd5de48ccd70f,0.6314268157409464
ck_02a9104419a6dbaf,0.00753467588270237
ck_1eeeee651e05d535,0.09140040627058064
ck_e2ab04136a442a98,0.006736206995806506
ck_f0d806624ef3d359,0.019753720171104567
ck_4b68b38c1b3326a3,0.011863040873736715
ck_74e60495f8861156,0.02667247462605209
ck_398f3f4cf05c721b,0.15258653958834373
ck_f761b7650a0c1a85,0.007211171653972537
ck_7dadef33f5e2d94f,0.9689089708884251
ck_6ff6883633b8c7ba,0.002522781780800811
ck_4d2159603045109e,0.013003866976075694
ck_a38bd07a5fac5c9a,0.007114630274086954
ck_f517f06551e69507,0.007228339962053911
ck_a7ea00a1760ad561,0.9808936656203012
ck_31fc51d5a3dfe16a,0.017283354901747844
ck_bac5233623b25ca4,0.011640119305885238
ck_385188ab27784fe3,0.03815809734972472
ck_9947a323bab5cacd,0.03372395545519949
ck_7973edc9f22ee7b6,0.040588859804124265
ck_f97c477986043755,0.0018322995141444311
ck_1a3fd2cc4b4de196,0.010711515626016757
ck_e18ac29ea62cb435,0.03889271280511015
ck_9720a472a3e0140c,0.003800435115263766
ck_668c7fc7d7e47c0e,0.043178689687629994
ck_214af0806470ef48,0.013732984179298904
ck_a46c1773f01f0be7,0.05104254217594082
ck_f2bdcfb4203ffdee,0.0842521926473401
ck_40e84e6ffe788a4c,0.0206312693558926
ck_dfc6f5712d8d6678,0.02578603446301634
ck_01ef1036b2e66a4b,0.0017215436317314593
ck_3acfec10eec32f9c,0.011111764927341432
ck_084a85145c15ed77,0.09023304357756098
ck_fcdb4fe2f095fba1,0.07365933784611534
ck_023908db0a193076,0.07473782511623361
ck_fec0ff92fd622253,0.01240108747306654
ck_c009c97d5fafbced,0.13334246191599522
ck_eb9f0c06ee017ee5,0.021415731378758577
ck_d7792b429620fc24,0.004265031969219761
ck_5e9e149a3b69c726,0.012916262739409348
ck_ce927322ef8f651c,0.007829216177253418
ck_b8fd61a8e82bce32,0.9736867740503812
ck_9aafc33fba1474cb,0.005845748431499848
ck_ce81ff9b8b35562f,0.14702788046067383
ck_25bfca1d8eaa152d,0.006815395281407983
ck_170c65860e2a7e23,0.002764726712168326
ck_952da7ca9f33decb,0.006361766123821546
ck_1ebd574406235957,0.010509589602435107
ck_589109a188adc2c1,0.0042606327277404646
ck_f0cbd5383bb07778,0.022467069517990473
ck_242521e261148fba,0.004516527567086846
ck_509cece86a558de4,0.0034063685948934387
ck_0dd7c5925d28755c,0.004678355856579127
ck_a7e669cf1c3985aa,0.013733238139429905
ck_acb84dc2351eeb76,0.0034921802177455287
ck_b837c7dac2a9b931,0.009227588532524488
ck_18eb1f9181f95df4,0.006439148815841569
ck_b0b9047dddb1ec84,0.7144129721111493
ck_43aa136bdb0a2832,0.3777371195023391
ck_3e47f8c56c811700,0.011147910301575099
ck_77c587d24695ea15,0.022501154568215154
ck_20578ac693ea4e93,0.04381580724040421
ck_b9f6040eebd1605f,0.02585582183758381
ck_ca9d86f65cfdf018,0.0034802590872924175
ck_a4fa8833995c716a,0.3006655327208816
ck_f589f1e29301b5fd,0.016389061720696665
ck_961ddb8ff55d868e,0.004774085492663185
ck_5662492a54e6688b,0.008162441583049152
ck_ad48826c1c26eb78,0.18925431979137863
ck_621c9ddde6bf2eca,0.016086224137987475
ck_417a3500b2c717b3,0.013150997601806807
ck_c7e129058beb3ac1,0.01402698595521856
ck_ec1c902b9b9b9c5f,0.1906179538733255
ck_317360ec0a67d27e,0.026150322230171028
ck_3e3ea5d8c4a229dc,0.07275266022377085
ck_d11d27de7bf0b973,0.6771280168217764
ck_d37d56e931105db0,0.0076683863574704145
ck_4863077723cd6ce1,0.0040233078310163385
ck_479a065d5903e9c3,0.010609754788510747
ck_e66ae4fd586fedea,0.008329078328035776
ck_192bbfd0d5720134,0.02383706390251895
ck_3b436cb29af99f3d,0.014183358661217551
ck_7c7ca54969eed187,0.06356774005500249
ck_826ee896c9f1144d,0.10412752760220607
ck_ba1f6dd43fc8a0b1,0.00807828918547125
ck_49685deb63e4e8f8,0.007382825349823191
ck_687ab5d5554bfa79,0.00881623699764729
ck_41346ccd9242cc8f,0.00428486639500497
ck_8f8e5e2b9dfec3d1,0.026644950836715614
ck_94d5ce61a0c50465,0.009284854827339071
ck_6b954c75aad8c012,0.016742503282007343
ck_748af92828c9d288,0.004611370924465737
ck_dddd14091ce812c2,0.024181820981097977
ck_723323f6870fab59,0.03747143708381359
ck_dbdf8d0708cc6718,0.008746914534890361
ck_f04938570a154de3,0.007266415894514269
ck_58afa1550b3b5294,0.008504397858631527
ck_3b150afde386ecff,0.02216852402719374
ck_666b95e75d99ec4e,0.8281324909688897
ck_e00332597cf1eb24,0.024784489677785487
ck_9a9e3dac79280d7f,0.17973128868200372
ck_e8d37262e859d9a1,0.009209625201330292
ck_895bb39d24bc1c4c,0.009128900228637778
ck_b367449195e36499,0.0169838847471352
ck_d23f9a50d1135ce1,0.038348473545467054
ck_670dc4910cf476c2,0.0028388510272597638
ck_3ecd8a5ce65e21ca,0.007329912014479514
ck_8584fea2df4c6317,0.06119601155137143
ck_0789ff4562202b20,0.007850756651860578
ck_749e0e50c3907be8,0.0028520250720933627
ck_c3ff6790cc6d7e34,0.006061607792461773
ck_75fb7e56432ee4b2,0.012241311956716072
ck_529fc3170fd11abd,0.09573605014124709
ck_34a69b3b4a681796,0.2256070617769908
ck_255f0e5888ae9e23,0.01989151739865186
ck_65be698386474170,0.002542026572384228
ck_5eec9ed855c26000,0.0037205002225018883
ck_5ab39bdc9610f6f3,0.48520730422847524
ck_1b5b75762f033462,0.008198267917523892
ck_d3e208671cf37f91,0.935956267626872
ck_5068ee554ceff971,0.026615307698830113
ck_d7d50fb57fcb2d0e,0.006508540251066021
ck_ba6e1115fceaa067,0.013030242324719176
ck_d07bfb16a4a7dac0,0.9299180451625686
ck_ead68310311690c8,0.9103221255554673
ck_ee53ce862bc9c111,0.035652910788837026
ck_97e56e6037024dff,0.0020831743262125675
ck_80b04344c98ec072,0.024702198455239823
ck_5954f45a2ab45f43,0.018002560321648563
ck_18ddf7e836256e3b,0.01673354398663511
ck_89a1a780144d808b,0.016921036943187903
ck_a7331e8b808c39aa,0.10139987765393142
ck_a1fd0ad03ff9b776,0.05101974432923828
ck_c0cf50eef030b401,0.003023166845091079
ck_074f20921189e7d6,0.011784126933323005
ck_e2aa7be60794593d,0.11966087723036369
ck_72771757dfb7f7a8,0.04168146828937321
ck_a9cd84a6dddfe584,0.024932455994836223
ck_142c00f9f8557504,0.01791646014307221
ck_221b5d40358230f4,0.00808853957218972
ck_a2d7a563f520b7ea,0.031975648561159024
ck_66cd34bc568d95e0,0.027716605451114616
ck_a17128972d3e507d,0.025378438119946962
ck_bda299466bb2136e,0.0175410712808853
ck_2b699066665abe8a,0.019038272281848602
ck_0ac9848bd4ba0c14,0.0025615434333392914
ck_98d2f9a6ba3a3077,0.9177664097967806
ck_a872df31b28a5f7f,0.09173896160132354
ck_7e73e1d44ce82ed9,0.008542233732167575
ck_1a415416f620d49d,0.0054601702132393345
ck_c95c786d2f8b8edc,0.00579366845073261
ck_e45012f22b7f91d5,0.00567078218484539
ck_aa0b083e2a6813eb,0.025871475018049164
ck_4666232ddbf77756,0.0035568172879522756
ck_e08e9c8ec5f23d8b,0.024416028221704338
ck_31d4c0518e5f52c6,0.010252591800793371
ck_c1ab40638f04cb02,0.013298209104392186
ck_4c1fdd1669c7cf51,0.006238288528601234
ck_11662cc7940ffc82,0.04026629951365452
ck_2e679af24adedac8,0.006819473851318861
ck_454b9e21b7f25a4c,0.003209254165998281
ck_355c4f29089731e8,0.8273972498611972
ck_507e40760a24d2d5,0.018563644322904492
ck_0943e0f305078e34,0.9130762102855199
ck_abc54ed7111e9ed1,0.0026181253794546324
ck_a60fe02fc04407a9,0.03411202923276012
ck_244b897bb4d57c1f,0.007630397172788723
ck_8c84fcde93a04334,0.06066885249225863
ck_9eea37d2de633b27,0.004766899993947441
ck_b2cb9e6610eca967,0.006972144322096624
ck_09aadb4c41b166f1,0.08069371504730728
ck_8d94fbb4828ef326,0.002207700000867846
ck_089e3a07abbe3b8f,0.004798162151089835
ck_dfee9de05e3971cf,0.007210404580473844
ck_6abf8302ce052451,0.07095713540147296
ck_6ffa90143838a4a2,0.00448659141483557
ck_325caeab5c7a9c3a,0.008859122754085057
ck_1964ee9db929a173,0.8728531530712224
ck_942b95988a6245a6,0.10613614344357586
ck_913ecdeeb8e21a9c,0.006846889860540242
ck_ecf9794349eb4b3b,0.05292906717752088
ck_b6cb8d6ae828eed1,0.05076422591871022
ck_2f82ea66c4f53b33,0.0529963772616045
ck_6e676daa4855b58f,0.05124763467111866
ck_2a37fef48b44e9c8,0.01843080650776886
ck_3bd12d468fdc2450,0.005894035644877329
ck_1a28b6a40a6bd3b4,0.04235678742102426
ck_61b79dec96d15713,0.0022983889905641252
ck_31d5e3daced93d3c,0.010014078562952871
ck_e6c8611c0cf233d7,0.00237769369538525
ck_f04761b4a937ac3b,0.007579579116823605
ck_38c1c75cf055031b,0.017678484755604854
ck_59a561f3df01441a,0.010751985200998408
ck_04e40f556a5062ef,0.009048651035469606
ck_8409716d174635b6,0.0039956706884557176
ck_3019afee83342701,0.04553689682724394
ck_b51a58e7f032c9a8,0.04179040237375127
ck_5043e474f848346d,0.021695082723179077
ck_4388abce33ecd01b,0.20327153833506006
ck_c93def7392f0aff5,0.04529906262758432
ck_72e7b1acc19df820,0.004823793806791
ck_f253130dc3ca5b3c,0.009165382960645597
ck_eb264d1b180d4b4c,0.28810529904912446
ck_c2504f5a113433ee,0.003977019046789529
ck_c16ab1e4dafb4910,0.2723741964270474
ck_4bc42878fa180991,0.052079374260899466
ck_1c771a7c78f6622c,0.0462993444617073
ck_d523f0e50a2747ad,0.004985850733018732
ck_9060f4e7ab7a1b0c,0.025152844863004238
ck_6b55ec4e87a5e22c,0.2227589665861742
ck_55fc62a5f89a7251,0.013726350142357973
ck_bd2545c62f258231,0.052510860363320665
ck_1ccdc69d0bb712b4,0.0034514967460544783
ck_710f867a3bd5898c,0.0333388675080857
ck_f91d48c40337d375,0.008093997696794338
ck_f76d929541ed41dd,0.022458966755291156
ck_e26a6659c237b650,0.04462423865663045
ck_184983177b73dea5,0.014391903618752873
ck_6d0d081bfa8a0022,0.03322148120603795
ck_2f6e64f638da0f97,0.002569474479420771
ck_15b93103ccd38609,0.00877205045269924
ck_094d10439b7b4eac,0.0035733661321224863
ck_d2ca47180a926ba2,0.004272075392618859
ck_a69ca7b9d70972bb,0.011114354345887442
ck_68914e67343a7d32,0.006165473604568198
ck_8176616132458c0f,0.021681283795367087
ck_eee99af3598311b8,0.0862710707395249
ck_94410eedfca91304,0.032478327808006226
ck_cfb11a0a2325bff5,0.006694465756216373
ck_75217ee144b715f8,0.04052164934861043
ck_d56fc799542299b8,0.0024480825840913225
ck_4c352dd3e7c81269,0.020196711099396605
ck_e23e50e02cb3904d,0.03997324282734791
ck_b921af37d500e139,0.02524680131519856
ck_82181b935360dcbc,0.9865180824562447
ck_22a7cf3b99c5e5fd,0.011266396042932903
ck_f67ee7910d532216,0.0070250057445602225
ck_5f48762a14a0326f,0.004865007147893936
ck_1757fcb0e6e3f88e,0.08292194747909558
ck_2c2f080ba185016e,0.03168234111741161
ck_4c25570eb72711b8,0.015114851261231906
ck_a3be871ca22ac416,0.005630651839931594
ck_ab70961e7c6695b2,0.010548734511207688
ck_a1cdebfc42a52448,0.00662480239855498
ck_f1b80b821a20186d,0.021796137205049707
ck_ae668e4564cd2aa1,0.002547607721132513
ck_0e2bc3a5afa439d8,0.026677994660082072
ck_3dc378f37d0b74b8,0.014636129270768091
ck_9f9555197480d1cd,0.005031907835375459
ck_bf4e7d48770a4a8b,0.0660525945845287
ck_614ef655f0685060,0.012123605002938428
ck_04d2ea38ee27770f,0.0014903304665602472
ck_e03a9d8ac94161d5,0.004591161490466581
ck_d4007b5b26d9d854,0.005111143832723053
ck_2dd147ce6d61749f,0.01746437219644727
ck_ff45764ea7d6619f,0.05225270777843105
ck_dbc487cb0a6c18da,0.8808076685207508
ck_791d5392bbd80447,0.008337290155588565
ck_b4068439c413b150,0.01897775915230157
ck_85df7b7de9700aba,0.0028981858351265545
ck_001e42551cd06e40,0.0043234186165786205
ck_a6c02ae50932cd9d,0.00544595075197564
ck_9fd0be2c018ff5e4,0.0077952487385624155
ck_32a495128395fde5,0.0057363210309145166
ck_b6f2a2fd232c141b,0.02272032325330217
ck_28dde633692904b0,0.15981356390885296
ck_a1a93c5f375f6021,0.0069013749966281976
ck_e3982142336782df,0.011391153627383814
ck_a9812ff3c111ea94,0.02728768101984435
ck_f04062216f95fa00,0.018053443574756592
ck_7c560467daca735f,0.003931344158741109
ck_76ee10d6e2dba70f,0.03667343401922936
ck_3521243bdac61178,0.00801053870856201
ck_28588fb03b320520,0.02689328380833363
ck_580dcec33ec232b8,0.06890226674806735
ck_7109923fd7dab20a,0.017309647279219426
ck_7c872c99481c1e9e,0.012596199871252538
ck_46f4e1f5026f4d1b,0.0024118019791054897
ck_00d1ebc31ec4653c,0.02298734038407157
ck_aac70764dde15168,0.061484698944001326
ck_648c03f9aa4e45f1,0.009221660612608448
ck_5478eb69ef912785,0.053722663533274
ck_79b8523137bb2603,0.0603287840990402
ck_795c49f312640019,0.0019770598248778077
ck_89184bf7b7fe41cd,0.10455158490753488
ck_97d4bd922996fa10,0.0075032220880775075
ck_1cef30d08f3a598d,0.0019033237529081045
ck_2f9fd36a4a40a6a8,0.004507842979448432
ck_40780fc0f8d6f309,0.015793910516128072
ck_9083ca9fec2a7f4c,0.003893263961967636
ck_62081bc35aa59931,0.009496281212018802
ck_2e1b46c5fc56b863,0.12616085333023674
ck_3d139692c51b604a,0.16857759953337687
ck_b5e54e22e3d6960a,0.0058694925655006615
ck_c0c4be3f44311b04,0.005381367931859005
ck_82a8bdd2692c2a5e,0.003083861118247115
ck_bdd2da300b530c5a,0.00789590975819504
ck_ee40498cd97183d3,0.004571412789394983
ck_70b9274473bd6dfe,0.005687032428034032
ck_473d6314ea614b29,0.007615169307530706
ck_7443d6dca8cd1352,0.007718830767881524
ck_3b49768b448b071e,0.008005288836817994
ck_b43f04431c267dea,0.004507583261509074
ck_4424a5223ba2fe00,0.0718548294738182
ck_819bf3e8231f4081,0.03567942198872071
ck_91d417507a8c58cb,0.10020029247440382
ck_e88e86b19cada4aa,0.02178607834332187
ck_59684167f9c6bf4c,0.03528949182180577
ck_d5f5b0dc97b9dc27,0.007184709309268709
ck_13d1b192bbff8f32,0.016921409911383554
ck_b21d8630387cabce,0.0043281259972071185
ck_e4ac22046699b99f,0.006104168850113033
ck_74b848064f2ff45d,0.005028113449847196
ck_166aa980cc87fa77,0.034776309671056736
ck_98e337806104dd88,0.005403339939440594
ck_66eb09be007f0755,0.019593559716404023
ck_3ec9b9d8dd7be11c,0.03470919090249436
ck_8b8b9de339d75d0b,0.01850935693281554
ck_6715139e240007d9,0.0049029262364205396
ck_a0255ab46e122d2f,0.003442448860168017
ck_66e81a4190c33510,0.008008107493763392
ck_5d75ea4f5c9080bc,0.20880226650290581
ck_df69858b8a8b3165,0.018179840364047573
ck_e15252ebd7553422,0.0022635491038241287
ck_34d6d74bb3ed11e5,0.004560468022791313
ck_c2608f78f6851d10,0.017184972506449653
ck_bb99071e8f58c8a4,0.08211389180921513
ck_06010f0df5b7cef8,0.009143035378884388
ck_8c582eb0f6c0148c,0.009215826013063384
ck_0034d010d28aea78,0.017544937142290495
ck_01c1f06692566ca1,0.012294202995382081
ck_4807726e797fb893,0.02115620878671007
ck_edc9668282e3c8cb,0.022524553866986447
ck_5486768475af7bb5,0.7139046402382324
ck_3fb9813849e51837,0.00793736833715248
ck_861af5a9a9a6d619,0.01801877893891899
ck_da39653add0f1109,0.0030713914033827167
ck_74a4244eb1f162e4,0.001892029207041741
ck_9a930faade55b8ea,0.01210436435672507
ck_fb6e06ca88519dcd,0.01170428670444743
ck_9776cd8263a9f415,0.011800007146404686
ck_b3dd1198ac5aea73,0.02481872762002673
ck_b6675a04df1a4276,0.0035377113963011163
ck_5c7ad6e731b69333,0.2595265233936009
ck_28dc0fdbaec00580,0.2799808712629942
ck_8e7a32f7e3905f4e,0.019944793838925882
ck_8563fed6674afc77,0.024537307803747074
ck_9a2fcccb82da663e,0.016458790128407227
ck_6a519bdac0d94527,0.004462669089450144
ck_a0dab7aa9c4a39a9,0.010664801867250755
ck_a3ce05e9e5e32142,0.04850816164361634
ck_7a7e40ee3f97c035,0.06643138158525233
ck_9e9a830785112a73,0.03698907037105323
ck_ab1bb02f6b189304,0.7014890638215742
ck_7b8cb0f90fbdc8c6,0.011138543714378113
ck_b138fc249e659e60,0.014151760605682696
ck_e73caa3771ec5e0f,0.0071193389039934385
ck_18a55b06ccccd88b,0.037940458258854705
ck_fdcb1d9265d8fec1,0.04326815155099056
ck_e21a900556b382ad,0.004039377572435314
ck_c6bf67470f526771,0.0036620626965209067
ck_b568ba3837afb39a,0.0039048739684225866
ck_a2858979dd5645ef,0.013312883728160816
ck_1da9d40837ebaa57,0.01596859927462475
ck_9341c7959543c542,0.0036913816460557728
ck_c8ad86806b9a2369,0.03064907967981687
ck_5c85d93ecfed4b0e,0.009269774026219986
ck_f07b09879d697b82,0.006831968225683845
ck_fe43da07608b1749,0.008535043292561727
ck_4bca22b5926b9c28,0.005130169744042846
ck_aba573aa942b1d41,0.007350839686507929
ck_57c14e32fa4683bf,0.005016955623849832
ck_891530b489ce402b,0.012968418195382945
ck_5e74fdadb93ff293,0.018629341464784017
ck_14436a409ebcc90f,0.012551375674877949
ck_00013fdfa0bd37dd,0.005167238543027286
ck_7dbe24ba01316775,0.03791947133613311
ck_0e3f80c1553c591b,0.01765873450001908
ck_3edc45db58760d76,0.007456019258385549
ck_29076a13f539187a,0.06684828992333555
ck_b1e81b58b9a545ce,0.060993447711105715
ck_3f8571d4f7420b2a,0.2829343038927413
ck_7dff6abe4bd644dd,0.6017240475432651
ck_2884bab237af16b7,0.015210412069366297
ck_231e6dd1fe708000,0.005580078893355332
ck_33ecaa7b892e73df,0.008092363175723753
ck_b109ec4c63503030,0.005613675699098886
ck_a7f522382509cef1,0.0041161882721224745
ck_748b3ea941d8b3b9,0.002596764944097773
ck_29f3a1737a2d9634,0.02316105646639251
ck_cee8d42475a0f020,0.004210103647015498
ck_c6b6ebe145a8ffab,0.009051368498066896
ck_21c99e1d6b881894,0.0021097197036772375
ck_5ad798286384484e,0.01622656335308406
ck_b621b6ffcc7f4848,0.0021171369240336503
ck_ea819e337233475c,0.24490241771078788
ck_9e3896c2668ce06b,0.04618432771318105
ck_501dcf1ead036d2b,0.008808624908016066
ck_8d5eda29a2cffa3c,0.008571951070586187
ck_4d3aa36ff83f1132,0.13902548009194796
ck_8e9faf94e3e6c757,0.003290310261614836
ck_ce0ec41f96951048,0.020125323922457482
ck_f09165d73ee903b1,0.015354183186243837
ck_a432b1bf1d3b3d5e,0.3359508994539953
ck_ea618f720ff0b4b0,0.019499494623562468
ck_7584e7bd755cb28a,0.009206046704034111
ck_e14681aad43e1a72,0.09667555574387741
ck_5e18870d8e30e379,0.023740319397483663
ck_ff7c26a62bda8089,0.003198339889793318
ck_cc5a35175d381d5a,0.0065126357206439925
ck_3c25029e40aa8a84,0.005198962983948735
ck_771247b5bc16c12a,0.005073819287961013
ck_664b5e02759f985a,0.007573653527793378
ck_692a9e8f504b9762,0.002022091188195488
ck_df8ad2deb0a4ffed,0.01742740263824383
ck_eb48c0bcd12ea654,0.005657628655159514
ck_7c77e597c951cdad,0.009807660731176641
ck_4f75144c6f3b13ad,0.010940237126114631
ck_1bcff399166d7c43,0.0055162218436939055
ck_975c2aa3d4a8c51a,0.007242024401202278
ck_bc6f07b06aaa4ce3,0.29608785864272325
ck_80b072b7f3c7e8e5,0.011753066702197295
ck_471e4018a23b4e56,0.03769930308330666
ck_53cddfba570b4a3b,0.006941217540762091
ck_630530e50764f229,0.009862899860400877
ck_dcef7887a4f1e435,0.021071374257805375
ck_2795921a055643f6,0.006587869513031817
ck_7456df89f3792235,0.009553801325808119
ck_5014a3b07e1f049f,0.5087243650625398
ck_d4ec44760cbe03f4,0.012775289665019302
ck_96810ad39d4cb7b0,0.015843313104432998
ck_3222ea25aa29bfa6,0.00274303046343137
ck_f6c42001b84a10cb,0.43718494530235286
ck_5ac86682385c86b8,0.010688574006273217
ck_4280c33af57eb4f4,0.0021235308984469646
ck_05f79ddd8eefaa56,0.01889036106366191
ck_3a57a13ce032a6fe,0.003278668838460002
ck_a721f0d635fad68a,0.009875189897261903
ck_a3f821bdf408c326,0.007490648827768578
ck_0ada63008be5685a,0.014748847823718323
ck_8c949bdc6e8720fa,0.11574489313029246
ck_c0d2c56f9c722e99,0.9721775508207536
ck_5d2b9e6e087b8dfc,0.976339275672018
ck_5217b55593a332ca,0.0623481252867594
ck_7a7bb9be5a7e48ad,0.022847020060253197
ck_24cd0d779e866287,0.02851175023869071
ck_7367917891a63771,0.026153108704704393
ck_4b31a8862a857e6e,0.9229485166921713
ck_81429c4910ca46cd,0.005430758189389264
ck_b35d803568f82d9a,0.02222041158883346
ck_4b00e75c2d2d0522,0.0021465473159737406
ck_77fced07f6dff42b,0.010400437365334867
ck_3c9a06eb07c300e4,0.00605267385720831
ck_b3867f7f494db64c,0.00174251325496097
ck_0c45e54897ab34e2,0.02535245903487297
ck_507a6a580ab55c76,0.007443848753948425
ck_291bffc7809f896a,0.003144969064713311
ck_3753cc5b9d02e2fd,0.004485048307757941
ck_4f63d5245b3ac1dd,0.008532956005835384
ck_9dfb2ae78659240a,0.012741158221992344
ck_90f6f5ced708aa75,0.007515108316672597
ck_8b5b5a6b5539e39b,0.7027495012240252
ck_4719112b55d20161,0.021451103719836735
ck_fec888a7108ca52d,0.9717009737078319
ck_4f5d022c99f118b7,0.04844248514735008
ck_e967ff05514b697b,0.029609167498361816
ck_839ce35819bfa4fc,0.002158597975088525
ck_bdee1221b9addff8,0.01033478780922114
ck_9cde4036d0914427,0.021971108190863477
ck_5ac959cbcc5e98f3,0.01725620356000196
ck_619842688294dabc,0.008657579909598827
ck_7373d7b04c7799bd,0.024997552404068677
ck_c1dd3feb9a0b6471,0.0074107972451697805
ck_0324a4812ec319c6,0.009385079792837961
ck_7f3685aa2933b251,0.05640556997629973
ck_06aee5a62a67a84c,0.06697052806642313
ck_3428910b44b9d08f,0.018676294972422333
ck_c3ba7534cefc1de8,0.0026284511381817733
ck_1f1273a67cbad5e5,0.7564926785895592
ck_124565a11b2f8bb8,0.008326489248440585
ck_38e46bc861e0165b,0.025650056534946147
ck_c8ad3f01319c065e,0.05159381549033412
ck_3f94a34f5038f7c1,0.8121269705937647
ck_cee56be5a502fbd1,0.2540399705103891
ck_2b90b76cf4d162f9,0.016578129972168357
ck_884b2e463ff1d54f,0.00550001966504126
ck_fab4f2f8531b4827,0.007568958065029929
ck_4fc6256e0e60a926,0.008778438759727948
ck_0a2f8b2f8a5b6f02,0.013536958366360657
ck_9c0deab8a8367c5e,0.004015622061699657
ck_d3a2a4c011fa2554,0.002693150758825607
ck_4108b4038f762817,0.006179630694241048
ck_4df036e2aa7e1056,0.009199379229633325
ck_ec094eb1cbb3efc5,0.0025985907175761834
ck_09f8f51bfd2492c6,0.004595547676212533
ck_b60fb9a10d6f4489,0.04731587878844421
ck_3638bc3388dbc1bc,0.1970815686686124
ck_7a58e0cc9943c39a,0.003942396877884081
ck_37dab6a0a536ed49,0.037074638953117654
ck_adc576690df5b33b,0.007090007352525641
ck_1383b2b1875000f2,0.009859296861324935
ck_43c1248db37a2eb0,0.011426564036284894
ck_29c11bd68858e923,0.0017838044530120258
ck_9401f9e11f65337d,0.013649227777310395
ck_ce5ed372b1a2ed6b,0.0556923243223164
ck_08b4619490e751a8,0.7090856369342695
ck_44b9125526acb05d,0.019398399881244067
ck_ef1a1de20d2124cb,0.020961635796277543
ck_e5e2624b7fc89774,0.015978471207772474
ck_f5100511609b92c0,0.00221521468255562
ck_64f3bb17101b7c42,0.021959307016461968
ck_ea1e5b5128ecba2c,0.0018994098656741005
ck_516163fcf04d5e77,0.03171323970494814
ck_7f9a748110d70005,0.02133219826494039
ck_d263b55f0a681cce,0.029626795561720144
ck_0e962eacf98a813e,0.007570448119709421
ck_0406931800e0e2e6,0.004768775149920903
ck_0e9b982afc88a3a9,0.9862641968635026
ck_8bbb625384edebd7,0.002166116282554498
ck_5eaeb87bf6207406,0.9384443129810501
ck_cc3318839c4b0745,0.009563531750762794
ck_08a0355d1f1890ef,0.0062657805664588905
ck_af7ffd1a822460d3,0.2647438268201143
ck_2a09c7aa870edb6b,0.00253454890103872
ck_bc04f51c23290bcc,0.013619051526477485
ck_d3a8333cb389f4c6,0.012696255820916554
ck_88e3dd3039508332,0.029366898740052803
ck_b8c7771de9b57705,0.004384914752799774
ck_585ababa02383b50,0.010297583840899457
ck_e988c108754cee9c,0.008891320758770556
ck_4a691892d9d6cf89,0.016026503246919
ck_7cdce37d895eefb8,0.010754061120845324
ck_483fb981a1fb4317,0.007358427580000616
ck_c1e5182bd99e0e35,0.10207952979326894
ck_9a1e3ec9a1839939,0.010976803708586058
ck_5c3f13de0dbd5086,0.006625034871789928
ck_f4f6f0caaab70040,0.2583724130619539
ck_791be3378dd7d64c,0.016556801279226208
ck_956dd784525f5886,0.008969863646733935
ck_098167eaf124c279,0.018468432179051832
ck_33ecff7914349ebc,0.006731935809730076
ck_e05d44e46c7174e6,0.021187268698576445
ck_1b2ce474fa6582b4,0.03575467084885903
ck_ab581082e8f72e3d,0.005395857766261627
ck_e63256667aa19070,0.008903327464126278
ck_f568772b6cb3febe,0.01400382886225929
ck_dd89a282375bbab6,0.1387006038577742
ck_a39d0bca345b492d,0.0043363396065294055
ck_d12d2924d0f7a64a,0.007606213248219242
ck_6a548da1728b5823,0.9869361991773072
ck_6d64193681d2a94f,0.00972244137331174
ck_ced6b6dcdc7c201a,0.006924272291655142
ck_d1b0699d26282871,0.021585581740016128
ck_58f757e40a9b8877,0.019724085530658797
ck_3272c2c4a37d5220,0.44272088510981683
ck_d94dfde9e03c9d1a,0.01970343698210771
ck_08a6d4903a7fbaca,0.019375708280257125
ck_6c72a36b05fa0f4c,0.015394350987065366
ck_dbb4bd4eda97255d,0.009697047993884683
ck_94b59bbc824b307a,0.008386020376250648
ck_0229a07185f15469,0.013856804743202228
ck_11bf1039f8b3025b,0.013480079533419589
ck_36789ca11459131e,0.10042951722673045
ck_8572c5f5c1447c62,0.01353791973909226
ck_9e75c6641939f4fc,0.0938611028874347
ck_b45e47c39d4dc7bf,0.010726321149948755
ck_02903c48b6cfd65d,0.009044497024523207
ck_b153386f1729de81,0.003933044143846879
ck_36979996f33498f7,0.4483183540003535
ck_3c02d4dbbf6716b6,0.013340674603362506
ck_66c9a19963957531,0.07161630670373499
ck_bae8dae7cfd8baba,0.003719217346006689
ck_bba0ccc6cd968680,0.04629118009285947
ck_3267fe3aac05c71e,0.0098460554569638
ck_40052cac10562cde,0.026866893214449038
ck_d973444855403e2a,0.009111228184982828
ck_012519bb095ad36b,0.984299749946445
ck_ad7c256ea10c4a00,0.08149310643703091
ck_70a60e095e9b706f,0.0032459327233706307
ck_f2734417c0db4ee3,0.016240445707412985
ck_9cb89cc3178e0172,0.017711350504482692
ck_779cc0f2de4d5488,0.5423299856566117
ck_35f8656bf93e3b3d,0.021583888032960012
ck_bdd8eba728800e29,0.05936159972220736
ck_002cf760d173f0f8,0.010630701545159948
ck_b046067c6ca3831e,0.00748096942485517
ck_a4a42d4bff8af645,0.0051453322335076
ck_bce253d2396681a1,0.02004681948920544
ck_00dafc060c8de32a,0.015992071738335674
ck_968a99e097ee78c9,0.04646816367206739
ck_66949171b387bb93,0.009098708547831414
ck_ad305286702b1958,0.002229746029629663
ck_4732da7e0d2dfc7c,0.0034654791431673712
ck_17a95bba77217d85,0.053643106711503165
ck_3e2516a3e35067e0,0.008316354830749252
ck_0b615ed566da1f58,0.020847334517327794
ck_d2b3ce1ebabe9f93,0.01787156798440642
ck_a892252e4e0c2828,0.009783104310338681
ck_cf606fd6ebfdf9bc,0.008258852906323316
ck_718865237134ebe8,0.0035185630707490964
ck_878522cb775b904c,0.03491177535503237
ck_9ed53de6ef779ae0,0.004850990437537817
ck_3f16e2cd7e6874cc,0.020741983796990854
ck_3c59df37895ead2d,0.004813703465079263
ck_6821459b626d492c,0.0030437026815226136
ck_11c7667920541587,0.00601102192882848
ck_23a016cf6b98d89c,0.03342901922461339
ck_7137eeb394d200f1,0.03262148635315448
ck_9c4886c5c90ddbdc,0.00390609003245831
ck_1422a7bf7756294d,0.9441116599117895
ck_7ebc5fa7f0d3b8f2,0.020199910217388588
ck_fcc2059a8d5c41fa,0.0981346259926414
ck_00ff7389d6a83e29,0.012868816048051037
ck_03129b41457795d2,0.011908800701253603
ck_38ba64efa7c38250,0.03254520796037174
ck_57a6b56b09bff24e,0.010695928000660037
ck_e3b3c5a80a567418,0.0038329046396653713
ck_fc40a16adfced018,0.004556210602006211
ck_9d4b5e6b43bad4d8,0.005205837158196646
ck_61129937ee466b49,0.02089022315491798
ck_74112e47b8629c2a,0.11426510759183738
ck_b4703ee97f94d7fb,0.0063876222591770695
ck_e560f720a988d8a2,0.6374091533471257
ck_708fea345f68037e,0.013383341994819184
ck_25394c1b83e0b803,0.011005258449003295
ck_17ab24fe914ae44b,0.002634359018258226
ck_16c501470d9bb006,0.01020037761984162
ck_628f449e248c19b7,0.03163104360635824
ck_6d64190623dea714,0.00711802725852353
ck_504a45ee08db72b6,0.006168323367358392
ck_6cbb011e0c70bc7c,0.005135683661099958
ck_b3225a98acd04f83,0.006119988945557556
ck_aa37993f1c17cd1e,0.020835596088177873
ck_558cfe5f77a55a9d,0.009524738104477775
ck_0d0a1a021efea5b6,0.01621905285443187
ck_daf7aea023b7a8f6,0.027143227633399294
ck_d75f25184ece2b51,0.009231996826257662
ck_466d4b5366c50b98,0.009599407215753517
ck_88f27ab479063852,0.081888294568608
ck_66779098e78c1760,0.0029502202476203096
ck_b150fe4efb449b05,0.014542024860402335
ck_9c3aa9f23d01fa1c,0.005005403729210067
ck_6a01c375fc26705a,0.0015858479938069862
ck_002eb6552b504ea1,0.007274022497370978
ck_affa5aa0bff9bb0c,0.019726805952356
ck_027614eeba8b1a4b,0.006846705581489978
ck_67e075c982add719,0.012639254122456109
ck_399b0d510be98bd2,0.008926725755965209
ck_e9b0bca7368555ef,0.004210069073424996
ck_59c29d9c57b4f994,0.07388964509438255
ck_37176850ed68831e,0.005233762284059672
ck_a0db4ccca08030c3,0.8313528490098132
ck_aa188e5c25f7f42a,0.030096835707128948
ck_7de6997178207800,0.00228595085256817
ck_c729d19053387be9,0.12045378241889845
ck_f2d3e3d90608596d,0.3955730749057972
ck_2db3fb565e0211ee,0.0032121826880813775
ck_bed8a480e27e911e,0.010206964395885245
ck_d7ad9921a4d25926,0.015043405570294963
ck_2a59f23fc5194699,0.10391867339186112
ck_63601a58a6120d8a,0.02680537436364209
ck_efd7b9e22c6317d6,0.0306326325203559
ck_9ab42875a0f95b43,0.027832265247244557
ck_85cb5033fca7c846,0.02465126231357626
ck_5249b223000915ec,0.025483411812698375
ck_3efb0e9bf25612c7,0.029998735509802046
ck_678e74532ac19700,0.009647123620582782
ck_a980b296c95153f9,0.010624291349642608
ck_01ac687ce0d696a7,0.013747159715839001
ck_52e1418cf1aa9871,0.017902970409073383
ck_7d28da4f1dab09ee,0.0454810042991956
ck_010d0c2e6c1657fd,0.16413947495828962
ck_b524f7a2e752b9d0,0.011747412612704618
ck_cc447fcc24a0772b,0.3627998431603577
ck_2cb3c99845e572da,0.004297788712673215
ck_604c710141327a81,0.011448146995786956
ck_8d5fa65717d2e0c6,0.00958354220218316
ck_31199510b40602a1,0.009715929888882213
ck_49e253ea12f4e922,0.01698136314477405
ck_780738e0d71e7e43,0.009370014102995556
ck_2cd21137a07fdd7d,0.004987629006739791
ck_5e021f2a3b66e256,0.032022402031233334
ck_efbc79246e32c66a,0.01600988897331433
ck_9951bd806c13c7fd,0.0838578396635269
ck_7a52674e2806d8f5,0.021883860689497728
ck_1a319e509f1efa1a,0.005830131566541348
ck_c920901b9a4ba993,0.7900290969271037
ck_b71279e807d0b3a7,0.011720881853469258
ck_47e1032f490bb018,0.013589171348781017
ck_192579ecdca7ff83,0.01839085988161831
ck_b1496c474c4a3239,0.010911736877776402
ck_5e68ea2c5e893cf0,0.02353444676851488
ck_f2ecab85d4693b4e,0.011032511596092871
ck_89d7bfc81c3df597,0.014412256265596324
ck_7929284327667791,0.03737266548680223
ck_494ec63c5ce8e150,0.01883453128778827
ck_319b059bb2145586,0.04138786943165753
ck_ccb3767c239018c1,0.0042392167227584664
ck_a1c7adfe26e09a8c,0.024351078621920038
ck_0e13c4f73818149b,0.012781830904018954
ck_c285a51ed6214f52,0.05868289502797753
ck_916784595f028226,0.1960132081844653
ck_6cd8e0196365c474,0.04067353003132532
ck_57b657aba4daffde,0.04592073373551936
ck_562c76a3753fc7da,0.5793730414807526
ck_66cfc1ebc9a513c8,0.012592363174584687
ck_0f38d4aed68d7d24,0.004958662024160095
ck_d8ddf5e99f7859e4,0.011939257749680163
ck_41bc3efa0fca700e,0.07445590528198896
ck_40799e129fcf42c5,0.1244838799238037
ck_786f079389126e44,0.039265341375338006
ck_bb4c6b713eb0b978,0.040095432203918216
ck_4f01f7eac0efaba5,0.02606020193737771
ck_47d29c01b20cf69f,0.015594890105884614
ck_bf15a1f8d67a30d3,0.018165394776775385
ck_bfecad7586f65e4d,0.018463171791612668
ck_fc9f16df35190eb4,0.1471188084938365
ck_c09c914e416edd08,0.5033882613252882
ck_c54c5d8e4433b0f2,0.002940655784508954
ck_1694c28f44480e98,0.008911724362611468
ck_1dcaa3078dbb7571,0.0020589268438660673
ck_af559f990c640e41,0.005293470685261507
ck_9b436162039a77d0,0.03814233219258859
ck_79d62ef181bd0cd8,0.01543576899989439
ck_23caafc2cd34242c,0.00647633045117847
ck_ffe2aa26f597e552,0.00897794279179188
ck_e6ffd0754ac08661,0.0044409935586878935
ck_beaacb4a783db21f,0.0046231563862236995
ck_9863bff41d24ce9b,0.00630082631983223
ck_323b9cc5c49f8ea0,0.12913876605497623
ck_ab3de3d3e41c2082,0.004646649313811082
ck_35c93b2924900376,0.004240274807858891
ck_5a9d5f9901e37e31,0.026605754070477716
ck_782b0be796164335,0.011841602848466614
ck_11960b5f1c7a5e2c,0.005657884022970434
ck_9a66cb13a9884cc2,0.010408722598624805
ck_ba666a425930615a,0.0028097101555834263
ck_40140bef4db73741,0.0046310381573748186
ck_e05e91cc180063d4,0.09864021181367773
ck_c7f6f45710bc050f,0.008130137681032986
ck_055fb9f2e1c8c934,0.062378821777622405
ck_58bb02d98e2b9cd5,0.01319990132378182
ck_d9f8efa6a7800f76,0.004900073093853613
ck_69691226c68fd50b,0.3403502720984024
ck_6f2f0396e5b1c538,0.9713696088639195
ck_78bc3f1d0f35ea6c,0.014363269973802837
ck_2d5a6b6636a2596b,0.00826854711921059
ck_7878545739af0a73,0.0019366989738795067
ck_03c4fa4f3ed3512e,0.004326545132787007
ck_1a9e51d092d62c84,0.5076105680443781
ck_9f3861940d8d873c,0.0033709166658009264
ck_4684fdd61c6a0fac,0.01374720552350492
ck_715966f86d5c913d,0.019920826139389648
ck_77f293d44b4a3d2e,0.021062752132982154
ck_24dae044dc05f849,0.02663862365081453
ck_00b9818e2064405e,0.14440380056110322
ck_c1c2cb49c3c1b0f5,0.6312109649394753
ck_bed50fc64fbbf8ec,0.010174654255803129
ck_4f6ed5ea5ab7c429,0.0062968754675686986
ck_458531c22ec2f9b3,0.008726282792262547
ck_51c50c4c443df31a,0.6244909698424872
ck_732d45bd578dc39d,0.007980125367456738
ck_783fe5bc20cd02db,0.016733984805575305
ck_7f188aaa63d1d442,0.011014132137479071
ck_ef307a6aee38d1fe,0.7106419012254247
ck_e37196b20968b73c,0.03708910236875662
ck_4ef9de711c3d93b1,0.02883662780021077
ck_17946516d5df71d7,0.005954867931882295
ck_3534be0f4efd313c,0.016131222590723557
ck_29fbabf855cabdff,0.003213378267686559
ck_191673540d8486af,0.0350978566776941
ck_5f52728d777ff2c5,0.0066076405598228735
ck_a045a19369016818,0.9875535882737504
ck_4eadbe7298b15e96,0.02992627862245534
ck_a3a0bd59729fe619,0.008893511121742699
ck_a1e77090b1c6ccf4,0.005450090456571975
ck_69ab9d4784eb77bd,0.02115026786034956
ck_baa47383ffd50f04,0.005027064274432996
ck_e35b2ed08b9e55a7,0.007039058980290332
ck_b6e3af0a5119d9a0,0.03404987427738245
ck_a7c1dabf3869772f,0.015044417679966015
ck_80b8fca67a14e0be,0.17699510434071583
ck_dd9c5f0c42878e67,0.002660276713269577
ck_41ef7967faf5ce82,0.005959657452866429
ck_a93560aa348d6225,0.15143444066125966
ck_ffe91d6f0bd93fc6,0.010683404086098509
ck_fbf630c960194033,0.02601264130000081
ck_497ed60723283c0b,0.03907389501114499
ck_2a46b7ca55239413,0.009330418142272714
ck_1a4e5ace078dd782,0.016239421760379343
ck_616cc31910f5de50,0.015131269069169513
ck_0d65bc749eb42710,0.024741516200649266
ck_2408db62e4395ccd,0.005706832752205384
ck_5d7721930106dce8,0.008799776774130103
ck_e8a6acea22b20312,0.14801777012159162
ck_e2f792fae128b18e,0.09853565520749231
ck_e6d3ce445b86003f,0.0022251074177268367
ck_263334d722ecbc97,0.48169969695932935
ck_8c5b29f6666d4874,0.07900139988948736
ck_7ea0bf310fc20c7b,0.8164822675381052
ck_54d463f7fd89ec3d,0.025883315414560078
ck_79e45040dbdd6447,0.018048103600420952
ck_60b4d59953505682,0.7993532555155726
ck_fb00dd5021642507,0.01044458848340132
ck_f409ff994a210601,0.026033301471869465
ck_2ca0020038bfec58,0.4443706078315044
ck_adf84b9df54c3d80,0.02463217794186068
ck_942dbf632591b65d,0.004923867471369481
ck_454a7e4d859a3409,0.0028865973720556617
ck_2139062d4569aa07,0.00750481980304373
ck_e949a0f4df0b3902,0.08061210871800631
ck_bb113e3e6716ed65,0.021564279787184577
ck_6a28ea6ce69cb869,0.06352610539732625
ck_7df9910af2bba21b,0.01100061274228677
ck_78aa4b731cbfe251,0.012066229286400644
ck_5839f5cbd8165b1e,0.010980152112395832
ck_7158ad9e58769ffa,0.09534098218011207
ck_acee218cbe61df69,0.02951324666067117
ck_f8dc8473c2772729,0.05256812158702751
ck_f34c93a8173555b1,0.10260145457514516
ck_7cf301d075e4e709,0.005877443727459903
ck_b87e88ee5512ea17,0.2033191530668481
ck_bed0c020b10afa3b,0.012201593827833767
ck_ca10102961f99eb4,0.00811828420582965
ck_393287947b5c8d79,0.025322223999452557
ck_2fe6cac002142f67,0.06529205534790251
ck_79c7f0d29b1db1cd,0.13546302602959712
ck_c735b643d3cbf67b,0.007665813467209716
ck_ea4332c8fe48e2a3,0.005610756408698561
ck_d39864119cdd460f,0.002048173738881053
ck_3b963d6be2773861,0.002449261217993278
ck_df39e3b8a9fd0bfd,0.6609892307559826
ck_6236a461dc0d11a3,0.0020322833534911393
ck_475ebccca25e30d1,0.006164477370347504
ck_c10c8bcf5bcd516e,0.10004874753085324
ck_49ccc3716a564256,0.05009171244754112
ck_4e4f99102f6938cf,0.30344642431192004
ck_a97b481ade6f7972,0.03742239267348582
ck_3fa559c679751b3a,0.0266670238251706
ck_3eba1fd2c7acc4c0,0.25331974925224265
ck_18c179b4afc4fccc,0.0066974007882524824
ck_cc1c0b93d05b7d20,0.07314650007681377
ck_742f7c28ddd019e8,0.01604764977505638
ck_04470bc93b8a0d71,0.007631925765898466
ck_6e8f8ef7a03cc6bf,0.009792473484561562
ck_eb1ddfc353b4da83,0.003132414839213346
ck_98831b57c7ca2e4f,0.0018474273323221425
ck_a6c7b8d6e8596d4f,0.11358701542385964
ck_cd7d24e3b095e96e,0.04784280357441135
ck_3f5ae4673a9f858e,0.005373905605117964
ck_05f375fc8ae0afb0,0.01089574029867021
ck_1fc98436281ee39e,0.004454688340267615
ck_6c48c58678f64bae,0.0038213124470411037
ck_8c95aeec6a4c75b0,0.008807612675074678
ck_364cde38958b7af3,0.2212594308463618
ck_85bf21aa1a00452f,0.005036952214340369
ck_796d3eaabc667c23,0.9903476080450127
ck_ac449ee0c315edde,0.0022539354839393156
ck_6f9fd15ac6b163de,0.0035298597257812747
ck_4087065be2a45ad7,0.1600758847685868
ck_ecf006bbc78ee3eb,0.6104814275700482
ck_8ca808cc5a49cb5c,0.008473426931858978
ck_94b90ab8b2dfb50f,0.021777659844973776
ck_59fd11b3232de9dc,0.5227755866451981
ck_67f3794d93e2dd67,0.08052921566303947
ck_b7f5acf5df1bb13e,0.006905893649752872
ck_fb04ecbaebb774bd,0.005764182182196678
ck_68ef3e7301c621b7,0.009815449168751175
ck_41406cfa209b6bda,0.001921061683244996
ck_b0f8f5408662337b,0.0048256084457410356
ck_0d2901bfe585c391,0.08777842558661325
ck_3398551e81dbf3db,0.036439808939985045
ck_61c3e3e277629646,0.01021512914878069
ck_2825e34dd3e7ea2a,0.0043714924308694445
ck_20d7571ba830009d,0.009987932525178872
ck_c98b16f9a72a6568,0.0021260730492979186
ck_e7c8a9e4641eb9ed,0.004732471107233649
ck_254a7c97c36dab8d,0.011506545649172788
ck_e98429675b46272b,0.0051502683876840285
ck_c2fc0ac460786d02,0.07112083681146132
ck_fba15647b3a140d9,0.011418207404896324
ck_15ce50f2704227be,0.013275787522286156
ck_8c748aaa4a4554f9,0.008931910026180413
ck_e00e82a9419ff086,0.014454085500559835
ck_832341c98254bd84,0.02481097470016214
ck_27466468d06db4eb,0.043011646592619565
ck_9d7b9e3ff1f3e71e,0.007528460205569012
ck_42c6973d3a6fe983,0.0023797733671852774
ck_877c85bad118bc62,0.03511284910914034
ck_75d2a2715259c4d7,0.020202757335847463
ck_37d3e5c681a2214d,0.2875155797450336
ck_bf285dd49f372de4,0.010724600404609373
ck_a5bdd026fa9c50fd,0.013261578021350766
ck_88d9244a9cf7a77e,0.42193719148790165
ck_5881b174e49b04ee,0.004897648289082897
ck_5b16d67c5ea89930,0.02071114995662648
ck_b75b936aafac56b9,0.016995324362785922
ck_aed2681e1646a0df,0.08720566732778255
ck_f63cb5e8cc702bad,0.013141318367055618
ck_1805fcfc4a9e4ffa,0.8703396380817615
ck_25c355da356c730d,0.024495339191739848
ck_70396398e4a96449,0.003029185546442458
ck_0f743bd13373748e,0.020247210295682435
ck_4b387765f0e916cd,0.0024680808919399166
ck_e971faae8a10a260,0.00332811936716937
ck_9eb08369e983abfa,0.0019433269255020127
ck_c30c5844512e429f,0.04479143871884561
ck_59e77e3a81f1fa0d,0.024386518945284513
ck_ca4465f2b5c1a52e,0.9532813344853249
ck_c89b9ca398402f1e,0.0031206282045461416
ck_36e72ef9273e7a95,0.008235885197780507
ck_2bdd8616870e5e1c,0.003579466793403587
ck_216e87a41de22b5d,0.2100889333572823
ck_60f4fb44f5efe3a0,0.0036799479354424265
ck_05652e8ace6ce6cb,0.004696996275681743
ck_8c136dc691e65695,0.0028737001222871542
ck_a08f8dfadbdca112,0.10174280752231706
ck_bda4041a3e90d860,0.027749013228783193
ck_15dd3ecaa8ce0245,0.6381153542035342
ck_3e3c64b3b7876ce6,0.019571840131188026
ck_46225858a38b2e57,0.009632911932115525
ck_0cb9f54928f4feee,0.015322272600200077
ck_152671fbf8a9a78e,0.07777343341508769
ck_ee7a515e87d17d4e,0.0239534801138085
ck_f7276091bf513d22,0.0036041924071176217
ck_4f05daf1cf0d5755,0.011479059418446558
ck_83a69c4a5d55ef19,0.026052274130719713
ck_c50fed2a7c9198c0,0.007948642102791724
ck_70d19d5650ddc8f5,0.012877973955393888
ck_4b4d99e443618904,0.010722742183427092
ck_dca0b6ca93311ca2,0.010360737613479274
ck_b7431d4706461ec6,0.009421161937425626
ck_7b59d22cadef3b05,0.09662578753046827
ck_53428573abcd606f,0.013188329523493466
ck_f538ab6aecf2adfd,0.0202714853493183
ck_d321249fb065d2fa,0.05735637183025412
ck_72fdfc7e6d8e1436,0.0032033334110066797
ck_b52b99dad89ecdfb,0.027541336037358335
ck_d2d4282f9d256b3e,0.0042594713636720655
ck_c8f2a1dd8a6141a4,0.0032937767484702268
ck_8d38747058d0aeea,0.6750111267847957
ck_3ac528caac74f563,0.013673305441046326
ck_8dbaaa00ad829ca9,0.01479562859786141
ck_7c38ec898f0fc21d,0.004160097662150184
ck_8171ef803f5ff604,0.026427433828991768
ck_01a750db6fc1168a,0.0798491624190198
ck_ceb017baa26e98c8,0.02499226792267988
ck_e2c66c72cc0b0f78,0.053220706970029584
ck_8d9518f64b222416,0.002669343012967079
ck_804c5a1fa5753617,0.012937463483950494
ck_fca7cc9c42695453,0.004113583635368941
ck_3a632cdf2c19051b,0.013377460355210945
ck_b2b63ea65edf1dde,0.026302937672884923
ck_27b07021500ee841,0.013392430546947486
ck_9724718fe64c6557,0.9079171123286074
ck_2786cbc3e75ec034,0.5231059511826889
ck_d9c2622cb6df380b,0.007541451530311762
ck_ae1da8ee98e402a4,0.006052571464794574
ck_62967b91504149f9,0.005207631017851343
ck_6b255bf68709109a,0.0058133367875828415
ck_c55afc68421d85e2,0.009028555132070234
ck_7c7266f6ef2a8466,0.01154039552052028
ck_885cf685a9541190,0.9164369952184447
ck_1a4bb7d3d2ee3227,0.004760811386016688
ck_b4911c42f3bff740,0.001742030798544888
ck_66f9f78d4c6a3edb,0.014143910477946232
ck_49bdba9ee1899dfe,0.037133546552620446
ck_79b235d51718435d,0.03248588726789458
ck_d840db8cfe2ef6f1,0.004520488788329817
ck_610c7bcc1cd7ecb0,0.00973944776839101
ck_cf49b6544aff6c50,0.1993008470418145
ck_de05f97c3d40dd1b,0.015607492277743135
ck_0302f67d75973dce,0.01504530849493082
ck_54c2604c9ca6256b,0.021632336454704942
ck_a1c88c0568f142d0,0.25524328986681966
ck_5d72ff6cc2963d1a,0.004915535701595012
ck_0446920a1004c596,0.0024207000163858007
ck_71044c29ef071570,0.01789033403549608
ck_2122e9bb1afffef7,0.01240257444912487
ck_d1e3de178601d3c2,0.016863958153252485
ck_bec8324a3587ef04,0.007042037469132777
ck_b616b6f45225f319,0.04107411519754349
ck_ce1e695884511479,0.02818860685861383
ck_a662b4bf900781e4,0.002152005880696606
ck_b5a84c5547378c10,0.05482831407680925
ck_f80af368cfc6cb7e,0.005927007926256519
ck_da3526ab6c5c884a,0.00777968858596684
ck_bd20be9a3392d79b,0.009005983117771245
ck_b8266dcd90cbfa62,0.004590684719232754
ck_ac84b33304362c06,0.009809462209348408
ck_794d8935a895e33f,0.02144659221481373
ck_8fea7d915259f1be,0.0020649240756461292
ck_7a1519ad5ff45312,0.006823681277636983
ck_9bf3ce30b65f75c7,0.05871293245603092
ck_5f864d72d1eead99,0.060664207213710325
ck_3c48e0cfc2a58041,0.45411321863290266
ck_d902183f80cc81fa,0.03326542595784128
ck_539cb0d117db8cd3,0.44062564669024784
ck_28f530aec8e77130,0.014061211911982235
ck_e7d903c50d353361,0.018886810008978374
ck_d288b77d1e227970,0.019165388868785934
ck_017208fcc01b5d40,0.006352021103195385
ck_7e3923d278a5106e,0.0637539750226138
ck_9700a00ff9e66216,0.00608169820935367
ck_5c36c78b7a4d138c,0.02683686923478036
ck_c457e9c9224b773d,0.010150663651856748
ck_1dfa91405d7e66bc,0.01103282250801542
ck_f1d8a2695a575e56,0.015151683053705426
ck_3b92a46daf8d00d2,0.01958604671932889
ck_aab23b5470469649,0.007420385757258473
ck_ecdd01a391610d99,0.01020102827936948
ck_abd3aa292f8edb4d,0.05549370139605892
ck_7fc9a0776e1339e3,0.005598204422226322
ck_c0389ebeb0e65cb8,0.004356618145153465
ck_48d0fc4f6a2109fa,0.9696995224918729
ck_571dee4f3336c7ce,0.013623025872907233
ck_4cedf26628c84f26,0.010681054281559046
ck_63356762d24aab81,0.015755682638350952
ck_2c5bc11bb7ae5d2c,0.9221440822428054
ck_6d26a152f900fee8,0.010525256021814377
ck_c972b0e781efed3b,0.0034287662119106992
ck_fa0ecbcf9a33d6ce,0.004655082422982273
ck_fa3a766e49dc77ae,0.008053089930804905
ck_7baf1e55db0dc558,0.007364666089276783
ck_e8bc49e6494c1f37,0.004240744224885947
ck_8ef1d05cc1e53e7e,0.09326972392272793
ck_cef2a485a77e0723,0.004650823232063619
ck_228a583f23abff48,0.012327339494337085
ck_ac32c6e374782b27,0.08159318703734939
ck_b9485218cef413f0,0.007929723916188387
ck_7f15503048915d6f,0.004249887092153764
ck_b62f5144db15ad34,0.27627308328061884
ck_917d82c552f95a23,0.014464604655962447
ck_fb4797045077bc6d,0.002253682801749885
ck_2cf8a44e041217de,0.027898829467204584
ck_b7dd681eb3d2ee38,0.0028753551461925967
ck_e9e8cacd2fa35e79,0.014564944386426535
ck_342a79f91de5d1fa,0.024827442812398758
ck_2c91f62c05685ed7,0.012999092439310729
ck_e30cb64302939f38,0.029606689328710627
ck_d0e95b90ba86da10,0.01218412030491746
ck_1774faf414a5d49d,0.7950698156416917
ck_2401e8ff89e574fd,0.8333480599244301
ck_0cd8802264e0a1ef,0.010230100885645431
ck_da84a0dfe947fd3c,0.008894209566225875
ck_c8affb27ba7fb5db,0.029518315010267266
ck_bc7ece8787ca7200,0.004372975156732382
ck_469a0578d05990c2,0.005482577115880584
ck_eef67f8dea702338,0.036088508310653085
ck_4f490e379e9ded9a,0.01175859893424469
ck_354379de065a8ff8,0.006876268420703839
ck_5db1cb368bc41ac3,0.018340565901990423
ck_9b1c3742dd6fcb8b,0.01311898723037422
ck_63ce4f44c92d7143,0.012206658331732234
ck_e15e3390f5ed45f3,0.008629358939454938
ck_da645ea91d66aa6f,0.41294877203082164
ck_834ca727df855f07,0.09184760342945238
ck_e1d5ad20c737c745,0.01145306317528184
ck_ff8059ae5fa5f1ee,0.0016320933693975202
ck_8bb9e75393954a1f,0.08658998357712562
ck_4e1757d1347ab387,0.9831908600617958
ck_af3f74b1d75a5d95,0.02777909036373141
ck_6b1ab0742ff04c3e,0.015924222552149366
ck_f56073911c9f1ab7,0.002319184896083238
ck_51bd5f69b4fe0b92,0.40673668988157485
ck_fc3d95030b81f416,0.002052582870682542
ck_cf78169633a1600f,0.0036360513062603846
ck_ad7269eaa65c67f9,0.007391803484846854
ck_cc6d33890d47a6cf,0.01273457429651859
ck_bc8f31f4a2ffa1ae,0.0019468365037106576
ck_720776a46e56dfa8,0.009416742881717916
ck_e2d1f212f259539b,0.010482816794596292
ck_eaf6f7082c3db2bf,0.015542881290648519
ck_773efe58c6278c3c,0.035164110044991016
ck_c4a72c09f2fdacc4,0.002096958767922102
ck_8982888dd6611143,0.0021191852685873026
ck_9d5049e195eda029,0.01300888421102288
ck_de58ef6f9fe2b546,0.017803064707553485
ck_c0b50c11e4f5adf7,0.02436952137240932
ck_ddaf228487858bb8,0.03522726879092926
ck_eb2323215ff70362,0.01310266568450411
ck_168c96a1a636ea15,0.024524628122128776
ck_9c46711b14d9eebc,0.002621679542160076
ck_de8af660806b97b5,0.05799334843924998
ck_6ab83f45bf16eaa6,0.00974831443338002
ck_bf2228a052815840,0.003006538503632225
ck_3f943f20a9da9bff,0.04267017184541541
ck_3baae40454c00938,0.013592551948765965
ck_bc2e771a1d8d2dee,0.033216691787729104
ck_e55f5ca37f30ce8c,0.008247000867341777
ck_4ad5937bef176d89,0.0042804054186754495
ck_126531a9126c17c4,0.0018690497811155097
ck_7ec423cb56257516,0.01953134617791719
ck_54748ae0f2daaf10,0.011007926691893764
ck_ff24776280ceeeed,0.003959432389917813
ck_3c3a1a1365741bba,0.004693457663310321
ck_615277c8a4e2b18b,0.004428465104398989
ck_a96aaef34173aee6,0.13006189965810888
ck_bea56db7f3e930e8,0.010545991211801832
ck_ca491debd3b32a59,0.031151543790859503
ck_d9ea77f4114a389c,0.0030961855058530582
ck_322ffda3332d08a2,0.01907878172619264
ck_c40ffefe4e30b001,0.07660966431727788
ck_3b1d7648d4580bef,0.003925489498259518
ck_23981a3261674131,0.01074825237537308
ck_11667f5b9fac7bc7,0.004536156676794079
ck_646bb3c7be5f0817,0.29988117988125834
ck_ebd0a45712dcf07a,0.010362643932285419
ck_baf43bf1bd963f9f,0.009410935541868108
ck_e0ca2c819658f6b6,0.974725005699959
ck_f0d6633d0834fff5,0.03434863828893017
ck_91081be0254878a5,0.005990658811164898
ck_1325000bc7f35b5e,0.016927775798428864
ck_c624b9063400fa3a,0.1330314523370376
ck_0ad6fa0e23c3bd0a,0.0735575919577274
ck_6ddb55b1f23c6cb1,0.0348078379187766
ck_dce1fb3acd65562f,0.008238615905612284
ck_a9aa389688ee5aea,0.010567290277364515
ck_5c5284c45d9ad8bf,0.07302798499846866
ck_9ce743dd3e92549c,0.022619638897453623
ck_8342e08cc2f9bcb7,0.005740985532790596
ck_25e551a0a8d2fcc2,0.0338067103306329
ck_d4fd0e438c97e0c7,0.02979711224899562
ck_ac7fe1c344190c50,0.014944552932089664
ck_ddd65711b5651f89,0.012992950700183727
ck_ec7406cb5cbc8f10,0.005703478842624569
ck_1c65e8d5be3b9c60,0.5741738335127602
ck_38ee42f15a573e81,0.04730946042952694
ck_0e5385c70c6de025,0.012897372994889057
ck_d3137f0f7629040b,0.006181488739058539
ck_9129c92c12e0c8b4,0.0018792856458824895
ck_c86520a00e50a926,0.047753880318208285
ck_87f82b2b5fee757a,0.02121750270328551
ck_643abfbd7548d0c9,0.028794948611606638
ck_be51f4e5e6b85768,0.12901050667300415
ck_132c16312f37810f,0.005533305664396777
ck_c78c096ca8cb33ac,0.0025416641943235944
ck_2ce5afbc014763b8,0.0509501657515276
ck_50ed8f4e7ae6710f,0.011732117211748744
ck_5a4eb535c9a11993,0.006987116364619719
ck_9b665ef46d785324,0.007469518350771789
ck_e066f71f8b296b7a,0.007451756314217789
ck_560bc6017870ab06,0.005750852287269954
ck_fd78f8a8663646d7,0.004830857752514271
ck_4af5ec61ddbde1a4,0.029426076076410696
ck_c2ed04a9d218410b,0.018240122363627393
ck_2455d43bbdd2bb69,0.009382642147679565
ck_56eed7041add49a1,0.10765486929439108
ck_5f0be7b468a72333,0.010065799181517137
ck_19660cec756632ca,0.004953801923314438
ck_fb90408f4892a21f,0.018153852138410347
ck_833a65b86a5d9bda,0.00636264700854437
ck_2ac36e1dff211d38,0.048258106807834725
ck_c00e70606904539a,0.009387050511918462
ck_ba8affe4b9505a95,0.5252449178482026
ck_0c3dd22587b08018,0.03198468390511494
ck_618c4e5cfae99dcd,0.06321386156377452
ck_c9690baddfc4177e,0.008303179892494137
ck_59fae092fb0c4aa3,0.013110253024965777
ck_e03b7d0fa0b28f4b,0.003081063381592818
ck_d451d24c780b5884,0.006119360538731917
ck_e980d325b8dbb8dd,0.0017755358371244739
ck_cff18e2d8c520272,0.0030340678659902752
ck_a0e46b67e986ab56,0.009195682259858555
ck_3a469039a5b9d963,0.011271689174453427
ck_12cbb211ebd2b437,0.017124070412876936
ck_b8cdd6d6dccc4554,0.004002567113113975
ck_794ba5921cef50c9,0.049267476299228966
ck_2c7667f64edec2b5,0.017019803678824195
ck_7262b4e0c29c942d,0.014341655221861623
ck_5d818522cbfe2a54,0.04103206627778343
ck_de39c1947fb675ee,0.128198304720507
ck_c021495606b4735e,0.010740699166445098
ck_1fc03ba33edd9e67,0.021134192452425593
ck_a6fe344bbf67f14b,0.01090822525248874
ck_963762210edc5694,0.03277795032206453
ck_d064428b7e7dc409,0.00508754102554313
ck_59be61b53d971611,0.016346079321538122
ck_ec8738ec663cd2eb,0.013047083518237591
ck_59d086fab5998646,0.016401978231707883
ck_bd32dd3b2cbb7888,0.9816072278328267
ck_ce0166addb93bbad,0.0022632110753441487
ck_7c0fdfbb447cdc04,0.006620176304528164
ck_cb1bd7635968ed8c,0.21156298569192092
ck_66f94903177f20eb,0.0087112358685894
ck_1d7cd5dcbcdafd7b,0.5375259759468787
ck_5e418a7c04437b4a,0.06416338256342398
ck_631ea1ae91ab333e,0.02937044639234448
ck_0a8029e79a5ae7ce,0.017480089694590084
ck_c4cca8278bdad9b9,0.002240101222718687
ck_4dec3df58077a257,0.34450869499050646
ck_609c249edd88c565,0.011950748230862012
ck_02e5f9cbbbf2f078,0.006650216726521205
ck_32e486859130458f,0.6163273117886631
ck_21ed2ea6386c5a07,0.0017143883229534186
ck_1242aa4496576a99,0.00788464000603881
ck_475ea9aa6d3898b7,0.06609120533628217
ck_fe1b1adae3be70a6,0.7085310316208471
ck_c5414d7a8031d4f5,0.0043626815708015364
ck_ca1f6f01868e978f,0.011586511992980452
ck_5eff0208c74ec714,0.0122083252155621
ck_a315c9619a317609,0.01098181282175672
ck_2b87683c90acb852,0.007288465013784262
ck_7cd9f39c50748ed0,0.006593719285288278
ck_16a06d58d71935bc,0.2014091859285861
ck_d116e0e7c19b878e,0.8119640582708403
ck_931510e384b1d0cb,0.020118975881745278
ck_e7651fb87bb24132,0.002665184989230151
ck_88ef9f85948e1a01,0.006052179834033897
ck_17bf38d51115a8f3,0.022827179494587537
ck_2659d1d3762a2825,0.013970292017671472
ck_a7285955e2852686,0.01434058442428704
ck_f2c33d5b65b321db,0.03893724539276353
ck_83e5979334345622,0.01761633598805239
ck_629537d8b4d0f395,0.007387350600975167
ck_72022008a92c9386,0.012428048532524227
ck_2973b8274f0bf69b,0.02623896838139456
ck_565e3418d2f4061c,0.007797206369678133
ck_54bb53b8f8ea32ae,0.9559758726928018
ck_af0a6540ea7a36b2,0.012319713177237047
ck_888651bfc2c8cf70,0.012601120064733622
ck_1dedcb48ac381a1c,0.09247723257226129
ck_f73273e220296be8,0.01657183972756869
ck_8424bf65223a5a9e,0.004074929387978177
ck_337b930fd149a696,0.00529944225904815
ck_8a4952de8a123ef8,0.005598135992719821
ck_884168153c9c0c81,0.013663968143182858
ck_fdda581aec411010,0.002481340252611472
ck_2b7cadbc8b180d32,0.7019242224529647
ck_8aa8b9968233a1ab,0.00271945404472967
ck_0af18b3ce015d294,0.003189197590141789
ck_8dde670a735d1e90,0.056823803150325536
ck_62f46226f244139f,0.01411542267571437
ck_f948e8a8fdd79b4e,0.038488181138933784
ck_fa00aa0f3e859904,0.01874436119593339
ck_fc7935f784a4f249,0.005410466371353688
ck_e7501307c0698e5b,0.013825909577019796
ck_549ed417f2834cee,0.042102093233881394
ck_fb2a35571ec719d4,0.06579034548274287
ck_25822068c86c856f,0.003834930556165127
ck_8f35d229b62c8f23,0.010010092494472066
ck_bdcf049c1e7d0c95,0.013070960228662786
ck_0aa9db36eb16422a,0.003404245649010202
ck_42dcf92e9e016922,0.0752204657435548
ck_42341cf31c08c981,0.0049352956320672815
ck_0b20bfc515ba42a2,0.0064992081412613804
ck_0ec820b670d48098,0.0028274060754413933
ck_1f0bafec397da8e4,0.06097245692386102
ck_82f07504ab59ed33,0.09487342808941854
ck_337b24a474010abb,0.9886797057771958
ck_703703bda38fdcf8,0.008021717258169794
ck_01e7960c63dca3a4,0.8013316499272974
ck_be5bd81e3715cb8f,0.8775632932711739
ck_197f8058cea1fbea,0.002939460793465206
ck_eb3fb1106f2f1b21,0.16200308151342505
ck_658b4b54be09a4bc,0.963244446207704
ck_266ce7ccf41ccc50,0.01353106186285713
ck_110608c3b03d4038,0.15832874938823366
ck_1be8cb95d6d9bbf8,0.009781010689943618
ck_8e16a64a776afa82,0.03390977516131558
ck_34bd190d37eda534,0.030042257533462877
ck_4f521611ae14ae66,0.004471393827059634
ck_d839798f9520363e,0.05340349732968356
ck_d1bbfd246c0ac9d5,0.007851787840440055
ck_f19030e6e85a6776,0.1597363725821651
ck_cdabe60ab59f9d5a,0.014876957367107566
ck_bb84b2b30293f566,0.4923432593547651
ck_427b91925952cb40,0.01081905223142478
ck_1078b1e155b5b640,0.008922306892291258
ck_95fdc264eac72fa0,0.006319994307752563
ck_e35eb857c61548b2,0.41997076826522894
ck_69bd0b1abea7e1f0,0.30067327699831886
ck_59de511b20c842ba,0.01988938111911292
ck_168e7ea341a36b80,0.00505972549696488
ck_4937cfa6526ea138,0.03220566779495757
ck_bb1a981306b750ac,0.08944327332226584
ck_f42a43e4c3f34ccd,0.006224447058927784
ck_c7ae1d4b3ab38185,0.002740413459220491
ck_bd23cf9bba1dd33f,0.022036102848407388
ck_0fd826fad7ec7cd6,0.04184655880461767
ck_f143641bf3dd0414,0.021201226565467662
ck_ad6d48c20a3688a7,0.0031714848747013756
ck_7bda5b5b927b2905,0.09127561701811311
ck_a337eb38eefdcc88,0.04524955323025522
ck_403da2a2d800df9f,0.21625399193948702
ck_aa01d5aafde73d0a,0.00807094667441724
ck_494954023f0eb309,0.015440274264953589
ck_1c6820fc38135ad9,0.03696264634051925
ck_0e0bab173622db9b,0.0566050698457545
ck_547090bf35a3b243,0.008034739539137139
ck_d69455220b21dc9b,0.010217119735588526
ck_90b4ac695b9c6bf7,0.003488077687104128
ck_8d2afe17c0082e6a,0.015430945717440516
ck_926b81c0ba528eee,0.01871098882216263
ck_ce36b0c287bd198e,0.048715511438961155
ck_8026e017909aaa6c,0.04216543606822377
ck_dfba788f35d4c372,0.004886209795694889
ck_f09f9d0e0886e0c6,0.01322250148128477
ck_4ffe0366df388604,0.016502050359050394
ck_75bb521de55644c7,0.21077045723359056
ck_81a960fddf79ecf1,0.9074557531540544
ck_8f43459991ea511f,0.007090055334388766
ck_f878b68d66fbfd4b,0.006432951432849558
ck_e84abfc0c747c9dd,0.882920861226561
ck_3ad3fd3cceb56b66,0.8745793494121918
ck_7cf562578c7f158a,0.017470735566629435
ck_f81a97d350397306,0.03902643223455731
ck_255d87b7fb40caa5,0.010479101220006117
ck_b3905153b9eee924,0.013063298164849592
ck_2c80a592fb4cd6a3,0.017349626621890157
ck_57deb202d4188a29,0.005133059472793318
ck_e3cb5f31d8e94448,0.8270931465071011
ck_0db62d5f7f75f80f,0.01181395784435692
ck_ced9163ea85589ea,0.027380510291729526
ck_e16528edc694fb33,0.8679633584411465
ck_78cc5ec4940fec3b,0.0060840561517044745
ck_31742076e9a998f8,0.010830033339340626
ck_5ac335f02280271e,0.021470791980053094
ck_7cc2e091806cfa5b,0.035008281689777494
ck_3152c7115257f084,0.007309900958707354
ck_ab1b9d019921bca7,0.009866801280276038
ck_c33a762d98f9b290,0.0025974585038021974
ck_b16a7c51b6f7a6b1,0.020113642025025393
ck_97402a153348e68f,0.002141485921176305
ck_95391029a21caa24,0.10373878708222244
ck_c2015a1200971fe9,0.012814136072942265
ck_ed4427962c68918c,0.9378650475012652
ck_c5e4a17d3efb19a4,0.4414706509476516
ck_8aec3d3dd51517c2,0.02187795505325023
ck_f5178a658225d8e4,0.004876632432095576
ck_8594f165e95316d2,0.00892096092985013
ck_f0c4aac04076a6dc,0.021115468872611603
ck_ac2f7397801036ef,0.018757230122012605
ck_d1ea4bcc407c7d5e,0.005402326071053465
ck_cce8b6657a538fe0,0.013513953450713935
ck_66d0c6d6b67a8d58,0.007942940147991068
ck_1a6b30320835e57e,0.022755861272633307
ck_8cd274cc85aa35d1,0.024240916913093633
ck_ada46085a78280e4,0.018316920222684722
ck_ce1b06623e4a815e,0.00617420859326034
ck_45e70c8a9686580c,0.127771397623791
ck_0084d8ab6b1044f3,0.0055850075445508926
ck_a5f7b6fed6df2aba,0.028500220416020593
ck_94940d783e7988e6,0.013252511427401746
ck_00f9ca84d1d8ae7a,0.002427913367220078
ck_0deb56f3f6452818,0.0030073427956619323
ck_a58e900469dfc3f0,0.023280707830195157
ck_028c41b195280980,0.009470567196675654
ck_7661d7ceaeb19f97,0.006112220879588211
ck_6957905a65c47879,0.021782265658203268
ck_f7c6c26ef3c4ae06,0.026087477490119918
ck_8777beb11aabd66d,0.013095228421791496
ck_7db098a17374bbf8,0.8696056444085891
ck_66aeb00e44486cda,0.01520347556581617
ck_838c52cc1d315ec3,0.017295627358101674
ck_1745847cd4e5dc83,0.0030539818741323345
ck_201687857ec8b3cc,0.010209219918433524
ck_81818169208a8cda,0.012773862072188641
ck_3303fd3f64632c7c,0.04675586355260446
ck_edf1096809e83ef8,0.010018459599836159
ck_235ce9603c7dccbf,0.06028492974340184
ck_9df7e153868bca13,0.004208453383414805
ck_3cfeade2cf270fee,0.023348257130922343
ck_982b0bf2e2b6c4f7,0.003583045847664264
ck_faeb0da678bb86c0,0.0062218040799090005
ck_e86ad2fe815b6ed9,0.007867313309589822
ck_70d69e5d1bb99e85,0.035289079744676426
ck_7e9a8924eab779e6,0.9538679035539965
ck_019d5891103e7da3,0.005313095719155217
ck_14f0484b3817eda5,0.014793472994097336
ck_85de63d278f0fbae,0.0019467109569089077
ck_ae91b4cff57fb3bf,0.01273416972851107
ck_2a6d43b9f883b78e,0.4381012882446515
ck_7a4e3d553e8ab5b7,0.13804101456603915
ck_fdf89dc69f700f84,0.14828536896107988
ck_f92e04024bf13558,0.0030462382276743552
ck_4a522ca2dc4831a0,0.0019179352883767521
ck_68ba25dc3385fea1,0.011428351912902687
ck_22128a4f0d033422,0.013155370168955599
ck_5b52ee0a13c71590,0.004439421262982751
ck_59472d17debedafc,0.010407201585338673
ck_9dde2c63acda3ba3,0.004279709104226074
ck_7510b1023cd08531,0.00868677950238314
ck_071ddaaf2e4e3671,0.010946659042108677
ck_1355db6f4010232a,0.008436766896688805
ck_0a7adc2f27f98510,0.2588368200762171
ck_68250033717cd59e,0.008726175391128932
ck_7c12de74de30b788,0.6330175224322496
ck_65491367584c730c,0.022063101069046003
ck_e9047964952bee70,0.01733942748185569
ck_5567779d6ba184eb,0.012170399151097796
ck_d6ea026357ec6477,0.009986350316746743
ck_cd7dcc884e283746,0.018773695993372926
ck_0bd77fea8ed75a15,0.035635811762468564
ck_e80883208e8d0453,0.012885783200793435
ck_2ad0ecbacd5acf8e,0.960970734003826
ck_6c1dbee7e8fdd5c8,0.010030752039468026
ck_ee4d9a7449515908,0.006265525164442925
ck_636111f7f030496c,0.005954906271518706
ck_2c629c657f73941f,0.010835390472195755
ck_c1c9d3842d758420,0.022178234318950142
ck_e4df7faacdfe8c40,0.011561288255606044
ck_94e8142728e44380,0.05590157928189869
ck_765aaf42c5088545,0.011180575067484873
ck_e0f845159b6e6a4a,0.022069119975704904
ck_5bc07deb82edbad7,0.0028282899059433727
ck_713159c5c6a7a4d0,0.9710855618058962
ck_b08afc91d9ca55db,0.018274537362701987
ck_a7bc323ffed2ea97,0.20912344577986697
ck_85ca825f905a34a1,0.02816182818900017
ck_33160c443d4b3f19,0.02069249255094381
ck_832d39c590a3ca75,0.7373791367416382
ck_7d1661a34164406e,0.985047746473914
ck_c2466fc40fc9d5ed,0.9527087162841189
ck_ed0e776c0926ce67,0.04319849592076015
ck_cdd2ebeec75bfa69,0.20007597717391232
ck_d7877684c7923ec3,0.007185805567467732
ck_7384d4d2406aabf4,0.008911062705030426
ck_b8e5244e650aa81b,0.02789104270201265
ck_25a1ea40b2d59254,0.0025879848532534538
ck_b9e5b318ee4de68d,0.005622460828372135
ck_620d7ae27af83cea,0.01191101753489296
ck_40b4e264d1a12b83,0.848639376047311
ck_b694c803b62862b3,0.005292334478017346
ck_cbeca201dbade3e5,0.02719901911973175
ck_f9b439c9161c3e52,0.0050895308827918415
ck_9880410fcd10a28e,0.02017949229477431
ck_74928f5f91aa12b2,0.06357348119025438
ck_b6673bbe61d2680d,0.014228616609437462
ck_53c8315b5c30acb4,0.00423989932668661
ck_78f01d78ea79642f,0.014419415151088766
ck_8582490d6e365a63,0.010102125885775153
ck_af25c72d16299258,0.004138745781806008
ck_7905fe8e257b0449,0.13467466806153455
ck_0d16d9349e4a9e08,0.018398336424936462
ck_31b16b8848584e98,0.018829518931953226
ck_67207e3eecc02d76,0.017275538854264798
ck_e6b95ff91116a592,0.005831536807254465
ck_c08f622bcd6de6e7,0.017482815564820724
ck_f9a68da9e0f0bc85,0.003516105952206741
ck_4072b59388976896,0.008832684023883312
ck_8ec86e853ad52828,0.0976887919744899
ck_4fecb87eaffd5cb5,0.005582083977141675
ck_d6880578428b965e,0.11985945054043515
ck_bfc82b3c1c9f2897,0.785107243992642
ck_c340644176ca03e7,0.02811896138263174
ck_321e740066fb05c3,0.11369821786855662
ck_8929d2eb09872052,0.0838696601105928
ck_205c107cec528414,0.11527312935049361
ck_e76db7d2562f9836,0.021917637840736807
ck_9ede51c8434cff6e,0.02296800994894564
ck_492e4b89c61b7b6c,0.009278448127912928
ck_9385f5a1eeebefcd,0.041361995559859206
ck_ee52c7bf88f952ab,0.015985902480537318
ck_d8116c34302021d7,0.008321039306575783
ck_01645ea51972e99a,0.017728137379235065
ck_7b45ed23304a854b,0.008293614040170299
ck_2096d32f3d497ea1,0.11943124916135164
ck_dfbb2056f1ef7d3b,0.005354544451434535
ck_938ce30c864bc7df,0.021630803221408833
ck_ff30dda2c881a4bd,0.5365335671990407
ck_f88c79186a082beb,0.023705790212394565
ck_08c7bb0f9851cb76,0.031307928727459765
ck_2675e7a008e584a7,0.017956366886924455
ck_cbaf8a954281d4e3,0.9174362169722544
ck_8b24eadf6c72b30c,0.6903895413887552
ck_ffc8e3c1377d0706,0.0038725601584777363
ck_5b59e859bed5b40e,0.015648213144111116
ck_7b61717f172f9317,0.9047125659022648
ck_e5c30947b732f661,0.38829967974867496
ck_bc273f3ce79f7e1a,0.007779334880752669
ck_f69e93388b3028cb,0.16781830750833446
ck_3837ad850996ba60,0.02301399778864267
ck_36d78ff3bc033ee5,0.013311039386182744
ck_5e20953547ba4135,0.13332329208601418
ck_258d661e450ac870,0.01350232629824901
ck_1df66f537496ca59,0.036963202177653295
ck_361f535599110201,0.006851173842365419
ck_337e98c69f6e7886,0.006522039599703662
ck_d3d5b2717cfc3913,0.11330881170245254
ck_b1dba768dbe7affe,0.016809944476144034
ck_92d782bd9ce0d1e3,0.022281024598189307
ck_26bd0f8898afc8ba,0.0018515856265546022
ck_7916e53daab36745,0.03672569627682618
ck_2caf553b31831a50,0.012094327812076394
ck_c6200734c7f9b2f9,0.881301465394268
ck_cdc55623cb16e6a9,0.004670581116219635
ck_57849e15b61c43b4,0.004003851515353596
ck_b7af9b2ee0eebbc6,0.02162034600837185
ck_00aa5fc3b3bc66aa,0.018759020548094897
ck_9929723f65636c7f,0.9917309293637544
ck_8f6cce9f69912983,0.007285720056929751
ck_c422ba389ff00781,0.0021722438114212665
ck_9ec7f334604a228f,0.020238527640149526
ck_5d01200ba3341462,0.007203916518287002
ck_2bf10be403849c9a,0.027153615506182192
ck_6ca018259f70858f,0.00998640077413297
ck_a54dc042ebb7c766,0.4383592808603441
ck_79da63fc100830b5,0.03455577402357343
ck_67ab6f9e05c85085,0.03677689146359055
ck_fa80da579ea9afc0,0.013355336771311533
ck_4339f86c87289222,0.3145399254194676
ck_a2299b4f530be0d6,0.3049099849503149
ck_19db0bf788697c2b,0.011621782368824933
ck_fa4211c4d826d830,0.002088898837786992
ck_96100d5e8e051e91,0.004163624308645529
ck_5c3a671883d58b3f,0.004220386743344214
ck_2d9524787cfe1ab3,0.121773310659191
ck_47ab8e51e5b3a2d8,0.02586749128570552
ck_c924f36bc1bbbaa3,0.012311407910571557
ck_5c58e7f8fd55e26c,0.0041216680957946545
ck_a07e7409d6d5aa06,0.010565552513654245
ck_c8413898f5f7cb7d,0.03219587917887671
ck_577c816b41cab002,0.9466997410930247
ck_9f7807ed64cdb728,0.10832993447335588
ck_495d814d6d6d521e,0.0045258776934794095
ck_7aa8bc018c2b003b,0.007700324682160354
ck_7c3a6a82f3c3241d,0.015489287840740084
ck_487f7fbc290e4ae2,0.004644225464850817
ck_e556c4d36aadbe03,0.0037002069130427705
ck_7e6569a1b2455cb0,0.004140534518789217
ck_de2924955926d046,0.00828252628368843
ck_73d60b4630e3937a,0.0019604006675194748
ck_805ee564bd35ef15,0.016652229191353493
ck_0d40961e47797027,0.00783416447943844
ck_f06d00a4f9c87d80,0.003086789127690361
ck_5ef50fb07b6737d5,0.020609143374993154
ck_16541fc15683e21c,0.004610589198309736
ck_09fd43f1b7e2eca2,0.0040209131288237
ck_2a2c336a69b8d68d,0.1366971907163223
ck_2685f38930866af0,0.02285671070332568
ck_298278a9da874437,0.0360200562321335
ck_00bd7803f2530c68,0.02448045066178467
ck_c2b4a1d8c0b6c1cd,0.0033290851537669747
ck_2acb54ca20c3af6c,0.01780630487911297
ck_e3d4b6f681c783ab,0.056027637166337955
ck_f90293f1eba5d7b6,0.06642115103121428
ck_e69d27e8965df0be,0.004813617266096147
ck_b7f5d10b427346ad,0.002653203569983616
ck_1ce20e4223a936b1,0.008711348082728616
ck_6b97d1ab90f6bdeb,0.014742615101217247
ck_e30e17db5473c7b2,0.004451512932146583
ck_154c8efb19dee665,0.004847413012110246
ck_6f5bb0c930644cae,0.986956039814243
ck_9e17699baa83d173,0.0029229858548779344
ck_9693b1eb70880205,0.006887965837207744
ck_1e97899875bb427b,0.005629940232843605
ck_558a82590f65df69,0.0014815459725726348
ck_18df83242ff3cdbb,0.04350271619307312
ck_80ad4396e1084c68,0.019651260831997898
ck_0a993bc947bab61f,0.017204804280385656
ck_5c2d43ff841632f9,0.004823650673796891
ck_6e4b99fb9725d9fa,0.01005423103790621
ck_e0983999ca26c19e,0.009347281864503553
ck_6573c4947cc8607e,0.06210903905305235
ck_d879d645d6e44207,0.008265051079472969
ck_1375ad9f10688e4a,0.0024984755486146776
ck_7501ebbf4e21f160,0.007568009386827017
ck_ca60d61cd4dc3bea,0.002172296024444493
ck_ab9ea095a5c58b4b,0.013388877467209008
ck_23756522b58df5d8,0.0029043143219299526
ck_90bc176c43d85fd5,0.07236474665750349
ck_908b663b2dda94ad,0.009083790017990815
ck_4df2fb8e4b649e27,0.004375580452589573
ck_5615c6bbdef05291,0.0411086626727599
ck_b62f3e3185251f71,0.005613590742900509
ck_38d1a22850178f33,0.005311670033699771
ck_5b3ba20c8bb1383b,0.013385824115003827
ck_5576ffc6aaf6f22c,0.0033175340281340355
ck_cf7a022178165e56,0.003414979896360906
ck_f2c7a4c50e2ede96,0.0164737991572827
ck_285719c77eadf915,0.0031081417071941067
ck_f2aa1b677619ab19,0.025923518414444947
ck_3830c58d841e9e69,0.6763251383345006
ck_32eba3510c8eac5e,0.0134740632210329
ck_8955d7b9030d5eb5,0.0385443887798223
ck_6775e387dace7525,0.02760012265349763
ck_0a0cd7f4be606a93,0.05273191901428466
ck_a9f700eee5d638df,0.006134872209562646
ck_3d7db96995745472,0.01337128586072058
ck_aeed557007d52e9c,0.0018862778994929827
ck_79b6a86830156b5a,0.007481037656233126
ck_6a1ff9d69466181c,0.9918180391946682
ck_f11b1565f986f5e3,0.01460233726447279
ck_4819327a78615485,0.004917406907501044
ck_3ed9e081959b2f5c,0.004749590733573782
ck_16af4be191c47d3d,0.0020738655946719296
ck_25122cc0e8b1a662,0.037068926286919456
ck_509c22828d467ba3,0.022998616393325667
ck_31109c899336348d,0.004742384069258835
ck_c51131e53baa59c7,0.009133085465154355
ck_cf8ecabbc61d3e11,0.003531791479948089
ck_eb6baff0f85ba936,0.022797908869786693
ck_777669e2243204f2,0.7572794042321219
ck_ac0ea27e692acdc9,0.021083484342721084
ck_4c6ea04ce8ca9e2c,0.002454085958519276
ck_ca54b32fca7e94cd,0.02407215892936824
ck_4dfd8947f540eb24,0.011446448619951258
ck_95aff1fe27fb24bb,0.048944698255574175
ck_c7550723b90e5615,0.005089649375971209
ck_57b3fee69bdf85e8,0.004061126720501426
ck_f823407ace7ff064,0.06875884929781961
ck_a69084a068bcc8aa,0.0977786135710661
ck_c7b17f7b24bef5d7,0.007320298017038021
ck_7c4e588f927c27c8,0.004626101393763966
ck_77fdac602d0c6f95,0.03818296619778087
ck_e963d8525018d072,0.012186604648335994
ck_6e8ebaea8f7bffaf,0.003937559639370258
ck_aa42976a31cb7770,0.010028260066250492
ck_22c862a496008c96,0.989820673886243
ck_527550dd15f38782,0.015671380641549257
ck_b3ab3c210e2c7c19,0.01701556715938191
ck_ed9c56fdb9f45ddc,0.5828370597024161
ck_b53281da70defcfa,0.011407804603936929
ck_03009b721568ee98,0.10010606664628721
ck_3d9afd862b3f4053,0.16055245846581548
ck_ad3c4be96599554a,0.009551966095373633
ck_d1c787c27d50af49,0.0156227672359464
ck_c7a9c7b2eef46a99,0.009803706849306027
ck_53036d3c6c74446c,0.20772671711683374
ck_1b1efbd9c0964c8d,0.011274151019559026
ck_d66f42a269d5c1ed,0.028372557770929653
ck_fefc49a2b8ad993e,0.01887739959073097
ck_8b3b874249adece9,0.03754755540610919
ck_193d9c87ad3f1dad,0.003487891393604027
ck_0c6a50d747593b7b,0.021706415168806465
ck_c830f3830875b47a,0.0398291121068693
ck_79e202f06d8dfe42,0.01657653304763723
ck_5c0fe988b8aa7fcb,0.07189961484094068
ck_a8382d8345f21e1e,0.005043609981623323
ck_8cb20053914692d0,0.014941050651614572
ck_1da2f69023ca4c13,0.003933858336592088
ck_38abb60995114f8f,0.02204150344125325
ck_f5791fd8fd8fd191,0.05977259390207263
ck_a4e6fc391b674335,0.34215402480350116
ck_bd771efb4a7e15d0,0.017213921335629677
ck_38ba4a6b6a292054,0.0674110302795594
ck_f7a07283345a0dce,0.008644796274776547
ck_87dc484baaf5a23a,0.005132049511441906
ck_c84ef83489badbfd,0.04102380958205167
ck_a397cd64ec5d644b,0.005079326720078619
ck_7977135c2ff61e92,0.008495559235587796
ck_52174855b243a8b0,0.04948792810803799
ck_0f35e930d0614613,0.9364716744782703
ck_b170a7db522a0d6f,0.021896401578954103
ck_7af748a23775bd54,0.02491278816361201
ck_52f641c9ee6fda70,0.0030185600967278232
ck_c3719a30414bbb4d,0.019589466974147183
ck_2baf214ad6bc0dbf,0.026309560684976054
ck_8b39d8aacfdd72b4,0.005744277258519352
ck_d39b0152116203be,0.013738398488235727
ck_ed33f8a937f9c7c8,0.009565123888855276
ck_8ef97b55a5fd6ec9,0.011408047500742693
ck_8247f008a14bd1a2,0.0037457316991769862
ck_f0d349d68249d5db,0.0033434709659196714
ck_a544e766540861fc,0.02298052531284475
ck_9dfaca4c7c80b10d,0.07140508204970424
ck_7e5401c362b2216a,0.0017308090135842215
ck_64ff60c073fdb6db,0.012179191974872262
ck_fc5ea49518e5d637,0.008078489561824309
ck_580f136ced341298,0.007992250675451801
ck_9cbef9bc95449dca,0.01480563291811883
ck_e475a3b8ba870a7e,0.004240390645206206
ck_97e94708bcf43563,0.013355181007151589
ck_13f03ec785cbdae1,0.01582226772435465
ck_152820d8817f478c,0.010622392894679105
ck_d20d4ba60eec9945,0.015812808776481627
ck_5c45968a805132e0,0.011395712209081565
ck_bebea2cf3063fb24,0.048649362320784595
ck_c3c69aefe7ea1d2f,0.021088200907121813
ck_02028b72f26fe855,0.017435244033610152
ck_dfadff70a58a9133,0.0029970154574513997
ck_6482ed4491bedcaf,0.006403444596070809
ck_754cd7b4a5ae3f94,0.022857132252404905
ck_3132857aec8485bc,0.01628664421203846
ck_7ce4ca91b8f9f1c1,0.011408496166929466
ck_41938582f4351772,0.019634978566075517
ck_f87d66946252476c,0.293065997776333
ck_8053f1879a9b4e43,0.008530475747798773
ck_93892e91387f5103,0.06248773306209895
ck_15254db133b28371,0.018596187805667932
ck_d557b9feb241b3ec,0.002038228024702585
ck_71c3a8e4c12c989f,0.00751202503323203
ck_80e3041811033443,0.046070311645258766
ck_3380d60067b4634b,0.0025988107286348035
ck_a9c2cdc758df8510,0.020532935539850007
ck_3c0031d7514da17b,0.01109721318171779
ck_18d214b1418be39d,0.004608099651244162
ck_7ce768407fd48321,0.012677573042320697
ck_7a50abd42298133b,0.012915190265112923
ck_2db10f987d137582,0.014071754495553326
ck_e077d004cd1d80ae,0.015323306584671344
ck_1cb6dc67f9a321b5,0.013390472478384267
ck_b864f64101149c35,0.23421072615802047
ck_9bedf54df9418e4a,0.0051465167908867765
ck_c47e32c47f0e6578,0.171001870708948
ck_71f382d5e338daa3,0.005901244590739915
ck_14b4bf7be6ac2b61,0.07231686257124707
ck_5c87eea1cc07cc92,0.05766588992551526
ck_5f445182829ef342,0.01507876136495539
ck_a5d7311291caaa54,0.004223690137907892
ck_b7df99aecef385e6,0.024637599544324415
ck_3327a0582407068b,0.01836936362852715
ck_08dba09fd7dab896,0.013587372760919258
ck_f4ec334be5266378,0.005051900708831761
ck_240f7f894c5a86e7,0.005238026052201261
ck_a9d994554fc14a02,0.0022793096824990787
ck_13648cbd306eee6d,0.005939736716918425
ck_601edf9105b3c321,0.9851074624339463
ck_9527adac182abe57,0.2304092971089956
ck_4e0e80f5cc271bf7,0.0031163048722172033
ck_96a89e720176b389,0.06479002924840943
ck_63560eec94b76d2f,0.009109698645293656
ck_c9c99e5b19aeced8,0.00265106339498249
ck_bc32655ee5ed643e,0.026902681821863332
ck_edccb5a93b741744,0.009469813336813793
ck_f786cbc987b70930,0.004934747496041272
ck_0e8f26536ccc8947,0.04226065426595869
ck_b87ef4b98cfcec4c,0.04143762129846036
ck_1a9235812de4b2c1,0.012784710927767912
ck_d1ed88ea4211ba4d,0.0022925655562004935
ck_a4ddac49657a4450,0.016746107266188692
ck_d9ffca35188e49d8,0.039404093325123964
ck_3db73bbe03c3d240,0.002101096507324757
ck_fffa0622344a36ab,0.00643879648779497
ck_148c28df51bba5e9,0.8499260155164847
ck_076cbc25c8f15fc3,0.9137448619777783
ck_e5ca550b39ed45bf,0.17562395621727953
ck_8dacf3a2061ca17d,0.02096659581358598
ck_2d7394afd61643d0,0.005927958899994539
ck_e42206e91f6a1752,0.0048102803214061995
ck_2f4f94827984c426,0.0081414459387015
ck_edfe8e90e8f4366e,0.008155837590028284
ck_646b15f753e5e9c6,0.034781904994975965
ck_66600620149c8799,0.0032933221533857824
ck_4ff6fc70bccfba96,0.02787392068235269
ck_41af3729590c2484,0.007315223668792128
ck_920a48ba8c583e96,0.005050400785523246
ck_0253b3e7be021306,0.001936068156293184
ck_2ae6949246ea2648,0.013062347386229304
ck_db23a5100f338d72,0.006158329845261792
ck_fcb2a559474c3493,0.0037355014414658023
ck_0a4d7acd2a53cbbd,0.0030676300038334076
ck_c5d62b2b7a6f3bac,0.8450938863434452
ck_cf59f4fc0ea690b2,0.007875993884021734
ck_837be8126bb19250,0.0027450807735478447
ck_58955542edee1adc,0.003737024284310161
ck_1b93381d8eea58d1,0.009306880324905266
ck_97b8e05d62abdc14,0.02460543684792868
ck_71a0d645744302a3,0.002537893090966609
ck_a7b57882ab66b111,0.003277399499092647
ck_65f76421be648549,0.014086642243616694
ck_b53ea8713d32ca7c,0.026663861032535256
ck_991c4c924a1d85ff,0.7049744473880065
ck_8432ccec1a4ec7fd,0.9895265733114441
ck_64c1633297f43788,0.003979789679751212
ck_4291fd9c1161d8e1,0.016956807871605327
ck_5e98ed6391d9f429,0.038555659018544394
ck_c7baebe4549fdbb4,0.017944006298747088
ck_6e67225ba59fa5ae,0.03457627537621737
ck_719602def4d35fe0,0.0073936249862951295
ck_bdee7c86f5ebe81f,0.017107465920213283
ck_8de38f8c7f91961f,0.026185848070468795
ck_b0b5bf9254700402,0.003013024165492807
ck_7b55d9bb1a250d4f,0.06529636618872231
ck_3954b7b0fd1d6614,0.011726674291965238
ck_f29471fe7c818d6a,0.002942249984543113
ck_9e65a8a2f587691a,0.017534550641379806
ck_eaec5f1a83b66eb0,0.46157473985842046
ck_004fe0daecbe2c1a,0.004664830566888733
ck_d17653a4a2d4a79e,0.02177419812844904
ck_0dd417fcbf19e424,0.017212583654872524
ck_4c99a6eadea143e2,0.29080430936705987
ck_74d602c907ee9119,0.012311150002768834
ck_1aa87cb62acc0ac6,0.013091748380837325
ck_094974d75e29fb2f,0.29953965030072177
ck_5ef935ac3d4d3332,0.009551641803011402
ck_b26e4ae47c9107ed,0.06265239360241436
ck_396cea6f95186ad2,0.02856613461054349
ck_48446a9e8184c7d4,0.004930870722102203
ck_31e1ede23247d56b,0.026572926131257835
ck_7afefa349b960a3e,0.014351895222359159
ck_f5e02a3432571b20,0.03541267755433451
ck_64eefec062592c43,0.010535954246157017
ck_a1201284122c141f,0.024521508166693393
ck_1b34c420a4c85a95,0.008989592462691178
ck_d637a011332ba67a,0.006629910880122554
ck_99c0004d8b7079f8,0.007896565705064298
ck_948517bad569b40f,0.015168877327343734
ck_a28d6b1601b472a6,0.03877874397917067
ck_a0b4209feb31f5c0,0.9888990295800526
ck_d6d2c1f6dfc455b6,0.19455314414756988
ck_3f9e6d356d3dd3cf,0.024226882439247217
ck_d08e00c842b75176,0.008036144317392527
ck_bfdd232a7c5f2660,0.018706824119745547
ck_2cdad03ed069438c,0.015075466977638424
ck_42317c3eabd0a285,0.3151716044637712
ck_3eb73e56751c704d,0.026281310696880195
ck_ef33c04f4c9e3758,0.015091487872996436
ck_1dc23dc870f1773d,0.009031542283143096
ck_76091f357974a152,0.007231939928418022
ck_4d9eb75e8eee90fd,0.03421511333927104
ck_578f67e69e5d2cfd,0.002351081447028811
ck_3a8ce1cc724229b8,0.0020288257433024276
ck_a96887f841e80fc1,0.01172396586211539
ck_d2d4a8f4a9f2c33f,0.0036663797822261562
ck_11f85bc705dbe036,0.05409376011758012
ck_7429b3f87528e335,0.008502576245163956
ck_26df74feac7ec51d,0.012025627082138281
ck_c78b2638fadd91ab,0.011968897743587172
ck_7eaad325abe3b50c,0.005142180922690704
ck_fd44e34af620e606,0.031031718600473587
ck_f99738dff854e25f,0.0018739756539863793
ck_1ffbce3a239bb264,0.0034564781535763697
ck_96c7d52ba0a766ef,0.030683930071986467
ck_cb1c00c300af3f9e,0.0317020670476881
ck_ec3d12848ced99f2,0.017659918763524345
ck_26cfd7c3c6c7bf69,0.011149654906752286
ck_7ae86b5a885affc3,0.42026870477283274
ck_3edaa94d28cd48ea,0.07551832649340957
ck_3209c530c9812e39,0.004171894414477462
ck_ea62ebfc1f04b49a,0.008449535481460801
ck_5fc90b4668ea81bf,0.024960632383909376
ck_95654593cdebd141,0.002082052254202929
ck_958c0bd61820147f,0.02560880551015648
ck_8440ef1386c07194,0.0076591671036949915
ck_8cd1b68dd74b1375,0.4687859188383402
ck_c9eb4df91ff07f2c,0.01911955474702447
ck_c29489366c01fe65,0.9173231075854472
ck_c965fd6bec0f0ecd,0.011635457642616838
ck_84c402b23766e1f2,0.029911736152936953
ck_181f3dae03b87136,0.01974497056636492
ck_022a8ae79eb28cf6,0.9039385259166647
ck_469c17407d17b706,0.01077636440524901
ck_1fcc5843f39148a9,0.0046819818316375115
ck_5debd55f361b2ddf,0.004396703367480062
ck_28cb9b03e89263f1,0.002383894269181779
ck_f067470743d3c7a2,0.020935935516365592
ck_d5d225ce41a1a762,0.00653680730588355
ck_15b4840922195ffd,0.012564806718361476
ck_6bcfa37c717f19f1,0.030883160202508732
ck_8d501a0386c66be8,0.3370666301906751
ck_1a9d6190c57ea7e2,0.5965708846926696
ck_c49832eabdac5bb7,0.058850859463891445
ck_b4331140b2e0d4aa,0.009734393353358513
ck_5efbea1befdefe1b,0.2571259448631122
ck_72ff52c4824072ce,0.05018809765073605
ck_ec3715add8bbb6e9,0.0027817048002141847
ck_9822f8ed05335741,0.025924201660611525
ck_c3d7d3d12a1981a3,0.02132350005751014
ck_a115a7919ac5875a,0.01326004682158544
ck_4dd4ed23e0b927b7,0.18546290861621592
ck_4c76efcc1ee6762d,0.10715484507780676
ck_3ad6e7bf452c9b21,0.011254992734561034
ck_dcbab304b55a42c7,0.004442856255474165
ck_24b53090faf722cf,0.019514219672713547
ck_187317383400491d,0.00698302401634618
ck_e07fd57565c94c28,0.08197987663264739
ck_740e760fdcd27835,0.0033574286525282666
ck_d3796aebda1cfed5,0.7945441350542627
ck_e541967c681cb929,0.03245342369261336
ck_431118050b834dcb,0.002231801312823626
ck_90f3655f0c8a0074,0.010107388748211182
ck_13cd943777651aac,0.009330790334744122
ck_66accecabf3901c0,0.03175498247813453
ck_937f0da2306b2eb9,0.004013382711652165
ck_105b0c93573fd5b7,0.7970250278195217
ck_00480407160e0743,0.0042345997559143905
ck_e032068be7b77d15,0.06370401298283504
ck_991b7dfd69098320,0.002659456812452631
ck_37d47cf0f34574a2,0.002118141186392985
ck_011551a596544f5d,0.002875897306679626
ck_9acd98f4fe2d474e,0.43253578603069814
ck_7c88d3d377bb61bb,0.044006107461455564
ck_e2374c7136c964fd,0.034553727641487564
ck_2fa8f2577116e9ca,0.05630358595988004
ck_d07c5b0321c685ea,0.1571144497776904
ck_bc736114a31088a7,0.02106160472500442
ck_32bb42f9bff197f8,0.004785306112337921
ck_66267bbad1f1415f,0.9849071397465972
ck_19988702ccd79201,0.01216028431876686
ck_f473a03fbcdbc4b0,0.00533876084900774
ck_e3f1d85fa5d49396,0.010833813774938097
ck_c4402ea6291df271,0.020801292559953184
ck_243bd5ca8c4ae5d0,0.004939100341782074
ck_f271e855925e8d6b,0.06482591992624417
ck_e424148c6f2223df,0.0074585207804489856
ck_e4d0a9e1102a58b5,0.005595705765900647
ck_91c2a5fe69b9b1d1,0.0070605139340647475
ck_5fd8924732fe403e,0.11947857782933978
ck_9a881d5433126ada,0.0023878624827873432
ck_73cab88b29c7845d,0.05609825630746086
ck_5b5dea6476d4e182,0.020300714310007732
ck_ccccb17d2ca6ce94,0.033501321592525606
ck_cd1dc68e441222b1,0.9388565029438402
ck_8312c49b1431a406,0.004136488140313095
ck_25fea39897f2a559,0.012554840833854573
ck_f56200205280bddf,0.08018742010584272
ck_7336611650dcc088,0.003596472270393308
ck_590716322ff147ae,0.0213532623583172
ck_c82364d87875a1a1,0.02179193836286638
ck_fa4b60387d744fc5,0.0021902146305436965
ck_d841eba8906e9a15,0.005983597858801743
ck_d6df562a79b9d0d9,0.024098984160888612
ck_59a14d2564193101,0.003532492929390263
ck_8530158e3d7f59e7,0.006352939299487223
ck_ac68d707006c12a8,0.041693504955877765
ck_976fac1bb3dd8c58,0.027822118683649977
ck_f854fba8f4adae3d,0.04142223384334463
ck_b98e9c3ec6e7d1e7,0.010473060282586417
ck_803c0b4cf9d4bc1d,0.00707029476131374
ck_76997a33c3ea5107,0.00303779495933519
ck_f1a9d832b700bda1,0.9701179081073428
ck_2bd96ddb8c323d63,0.9770704336218351
ck_9e5b7acf51b1b743,0.01193309912835993
ck_09169f22194fd6aa,0.0201305615981324
ck_6d69e092f9b0848b,0.017941311926867688
ck_9f83fa5a2d3b9049,0.008759209694248614
ck_57bbb19eecb4b87c,0.006067237246705821
ck_e0e9cfabb979f428,0.007028757676508022
ck_b1ff9edc51d42f97,0.007720837903570913
ck_4682fad271d47eb0,0.7885798989561328
ck_ab33fb754c818ae3,0.021539705650685463
ck_b456f62b80e21557,0.0027911113079597863
ck_16340be3f2a7fffd,0.0017112412164684001
ck_ce66831f6611014c,0.006678799517113814
ck_4610a073bb54d1b1,0.01226247058843878
ck_fd038a7d33a9d6e5,0.0029104496079863946
ck_c8198cb4c461304f,0.04179507963431032
ck_1e7de58822000dea,0.006175032701465867
ck_b2a79dd3df560f14,0.015628927370444648
ck_74a06f347b32347f,0.008104792948380679
ck_c6fdb2972417c9bd,0.025341995817715013
ck_d7607a213b800bfb,0.023602310755412234
ck_df65967b8b40319c,0.001722269662884629
ck_329a73dbd585ee09,0.004192601656216208
ck_74991a9e85c3b07d,0.013497242502396492
ck_bb76609b79e0bc9f,0.006109490905486868
ck_f7fc1bd0b9ab1fa4,0.015354799193960659
ck_d111c98b36bdb791,0.008215289746062364
ck_f07e27d125497b66,0.014322955302387301
ck_093e3a7134e11d6b,0.013312983421967435
ck_862c7953bdea48b0,0.008217960800159324
ck_392cf2cdd515c34d,0.006853833598783405
ck_80eb91b0b4001084,0.05386761632311421
ck_5923f53b77193a58,0.028776884196204455
ck_8049f5fce32be185,0.6568304734007828
ck_ebc5a2c6cf88e252,0.0739904695116635
ck_9ea5872f14cce338,0.0212216326821681
ck_f7fbc95ebf584379,0.014998847460013093
ck_bafe82c870356706,0.9681686087541521
ck_278b36c5932d9bff,0.002885674609577445
ck_6a892dd5d05c1649,0.005094206784231698
ck_0734fd90b2cabd43,0.006025331361340398
ck_9b552204498b6762,0.017544195656231425
ck_f6c909c205767956,0.03409017552281571
ck_32f590e87bc3d715,0.002724911699893746
ck_66a8325f28be7562,0.003454263727272952
ck_b129261da9c3c3c9,0.015031639672549101
ck_a524071c51ddde20,0.011894923208756023
ck_ba576d6d4cb6130b,0.09342006373849311
ck_8d8226520722af78,0.052730547906986905
ck_c5b0f0d4f1655a20,0.058214647138329856
ck_61814ae9b6d8eab1,0.005596193247779809
ck_382ebf136f7fa337,0.07967595152578055
ck_423ff4ede6a9f066,0.007450339064092042
ck_546ad962d04b7de4,0.7219122235605125
ck_9473ea4a01c95f9a,0.10117929817861643
ck_9eb1da8cd35a50ce,0.01190418646255049
ck_de5eaa2cdbcb67ff,0.03614008372619517
ck_537cc97d0398c922,0.07499917905148566
ck_998475a2e4dfad4e,0.007718718946898656
ck_e62eb708d2688fae,0.01382831619861206
ck_ea623358f704daa7,0.13329965577080685
ck_b911a09f328dfd4b,0.00327373677237825
ck_4b3506b624e5193c,0.02699657642377514
ck_448456f96788713b,0.04189302102892852
ck_5d5ef9e75f65d076,0.034750116681065354
ck_3b74512f774a6e5a,0.004293093238401206
ck_a032e8ac1507c6df,0.3606949366122858
ck_7e2d6b22a0ae20c2,0.06357511946611587
ck_d80283209c963f11,0.010728806130082286
ck_d1157eade2ac3975,0.009430051111587751
ck_be48f583f79427f7,0.010975450441939483
ck_0027b5d4107d65d8,0.08954805372255882
ck_94fff69584dd3b2a,0.009862841673800683
ck_75fcda73f0b43557,0.012994652249170163
ck_a1c78972e4ee4082,0.010788138472079881
ck_f0982bbdbd122f91,0.005853302815338497
ck_3199b471575aeb3a,0.006903723923340419
ck_7fa947a0b1c1cf74,0.05986056993376772
ck_a60c618b7f0e4252,0.004451527365519951
ck_722ac47c8ac9b6c3,0.03447893418971321
ck_d44dc3839a195c8a,0.08192267051980606
ck_a2c3e82fab520483,0.053892824218243165
ck_6f8ae0319c07cafe,0.0027896760317719
ck_49886ff1e2c759d6,0.0405909204157405
ck_150a1108f936e6b0,0.004800769118681783
ck_e21f9f96f597695b,0.007110946772797872
ck_7297bff2b7fdcbc8,0.003834143356376233
ck_ee949c71f4f702eb,0.9323149970460087
ck_6fc37dea4b4f35c6,0.017645354973757705
ck_e76257caa98dc25d,0.9496874405368037
ck_828eef2334e17b3a,0.009134672666577038
ck_604e1b8a8c693aa7,0.0026265352457836505
ck_7743c9fe037d1f9e,0.07655546695861838
ck_864a11202e19e812,0.10948180258056513
ck_4ec040b9e3785e4a,0.0354944565910235
ck_7346e4f820d9c00a,0.678080656973331
ck_48d4d63beb26b623,0.0033308955383115476
ck_c423aa6de3ed1e01,0.0085537867797453
ck_d74b2ead8aaa3f73,0.03539340078674174
ck_1dd69a11daa7bf1a,0.03665239806352308
ck_d9143e236eef177f,0.0042686799221287545
ck_f790d91e5ff0eccd,0.07231204975998455
ck_69b5620e00ef5dec,0.0024552456249863326
ck_cd32e58e8a1c0e85,0.01199349408162628
ck_064013b0957d87a5,0.9845696609962457
ck_a481385c2e60dc4a,0.041852312077943
ck_d72035cb29db3aa4,0.007866552851328385
ck_3759939a0205306d,0.023040105723622247
ck_f437a53fc832ec95,0.5286394424842711
ck_260ef2f3e6434819,0.03814473556381226
ck_35e411b05d22f663,0.024040117382781036
ck_8bf46e472f3e20de,0.10914006618257233
ck_d546994fc5d3e9d1,0.012947089594915995
ck_6ff0fc7487e737e7,0.23461117481862712
ck_5c67f27816ae0b6f,0.011224087408236659
ck_c5517923458106ae,0.009986219342085932
ck_d9735647a6b0b0a7,0.8439712553843729
ck_541a734fc457246f,0.024386986740068745
ck_2f6a639468f41043,0.008966467029650507
ck_bea2cf7a6b7bb900,0.0049168659646980275
ck_7eebd0e6ad6c070e,0.00795074048537212
ck_b64c87d5e3b10e6a,0.8113444661887796
ck_9dd7daacb7833233,0.021223875022893378
ck_396e9ea9a6c6d7d9,0.0035335112557151847
ck_1645e6cc53fa99ff,0.00737077268434755
ck_ea2a83ccb8d57490,0.002584299116776975
ck_e64f0df63e1be595,0.038901315695787406
ck_fa0b234481cb57d3,0.025726474677963834
ck_63379e3c9fe6f711,0.01680283234528019
ck_c67f7944896a0310,0.04910963121898269
ck_c10e54c9db29e6ef,0.9884365229295955
ck_7184ad7709ae4c80,0.024287098232520166
ck_f8b6069d7577fde6,0.004184446140751976
ck_18444be153bac1ca,0.7792991712607517
ck_d0982b4e0e118e4d,0.005265058931615887
ck_6faf3e6820398866,0.015035188303799227
ck_97e980463aca4644,0.002027382015813596
ck_630c835243c66b19,0.9681851321603302
ck_fe429ba3e1aa0e4f,0.018745562129005574
ck_1058129ed7b48c59,0.020498392604933552
ck_04a1a46f07885296,0.019781604621897552
ck_f01e94331067edf6,0.01054177072945801
ck_77b2fb17c29f5e72,0.009973764956533352
ck_4f0c5857da45fb28,0.05421657061988946
ck_2cfb9a7775e8a5bc,0.9578214645514079
ck_6846100e43659bf3,0.002947728950556039
ck_f89719a854fe11d7,0.01826437863237
ck_bf47375e41ca3bc0,0.002433832659002238
ck_2770b0400a7bef08,0.03134721249492177
ck_2a09d142de1c77ff,0.021950630135065197
ck_857a1f5547b9ad68,0.012104657117063797
ck_185f15b1523bbcf4,0.006082856641266005
ck_ab2aed614ec1cdf8,0.011507596654502216
ck_a9e7f3b2d5dfd97b,0.00858207158352179
ck_0eeb3d9b3e697edb,0.025640714719341096
ck_fa5830d81bc8ddc1,0.0031635463728144192
ck_231ae0329ebc3220,0.006416940164542069
ck_1587763dd54688c9,0.005905884514293977
ck_9f85fea4490c00cf,0.008911059437786837
ck_a2d709e7eb91e4af,0.016607791149527165
ck_43637d28c7216453,0.004066335060097554
ck_f3ab5dd853d38252,0.01215181024253356
ck_4a1f0172d3bf4fd3,0.013567304103553167
ck_517620ca16505af0,0.016572960967500692
ck_9ae904fbef56065c,0.0027714179797125467
ck_d5ef1f6e34bb35b8,0.038799717039344664
ck_ff42557857ae3aeb,0.003083998496379677
ck_ad9a18f58589faa7,0.0039240329830111335
ck_df1a6edaa3e6b271,0.008077124599228068
ck_99021fe7225b5a68,0.04045976365470868
ck_99e52c3c2530b69e,0.9856939132765283
ck_3a4811dc4a1a891d,0.0036050317158178337
ck_ba3a6be026c87079,0.012124284938954502
ck_da6d1e5cf6aba6fd,0.0025274709237935126
ck_ddc7c1f3d45fe6e6,0.013261917414064128
ck_e1b1e7a7e4a15b3e,0.0030677552103927177
ck_8288f7f226e08b89,0.010986164016041404
ck_c4524993ec31dbe5,0.005804558637445039
ck_8b19bb5b23b6741c,0.010701712475209495
ck_d21b38231a8a9f4a,0.052106916067150115
ck_3f730318a9792292,0.018320483378094696
ck_a4db6e94a8f77f9d,0.04135584536994087
ck_a8cac8d480306839,0.056986725987616664
ck_5472214011fbc2a7,0.004512014799306321
ck_7356f47dbbbe7904,0.002435936226721127
ck_16801e628e883d78,0.006625216414477646
ck_0dc1e536231c4860,0.009814552788648671
ck_7cd0634a6e60af83,0.006387182214847121
ck_ef6f8e048ae1bd4b,0.019388200373580772
ck_82f3f744209888ac,0.017302294081075257
ck_f33188c232a03526,0.38593140118057884
ck_4a59f4e10bf45d7f,0.002613910441673172
ck_d96c893721385e4e,0.0022345114746807593
ck_f65ab819373edb37,0.030445294952737775
ck_21cac21fc10b7768,0.011225590735997994
ck_139b54e6ccbdd7da,0.040348582770753545
ck_d6f5c8741697abb3,0.040549337054242775
ck_a28d9bb5590d458f,0.2739845941571749
ck_ed26d906883bea0a,0.022225195925977378
ck_227602ad072b838b,0.0018478056918138132
ck_39d5f6c17c745ab1,0.002555223604040299
ck_744eade757ba69b5,0.01909037313175904
ck_c1295d97cdf35ec2,0.006033591872157277
ck_69105f881da3c821,0.07854490193086644
ck_933789b55361d7c1,0.8909095860545407
ck_b667952253503174,0.015643299588608855
ck_7bf668e25abeeb05,0.0057403785679315785
ck_91742711dfdffd56,0.03510500730815164
ck_af32a0660090dd68,0.027075523160448478
ck_2122f201e65f76ee,0.007122538880133703
ck_f48acb73a5d6af07,0.015800386583689534
ck_337c5684510cf432,0.029144692968047562
ck_f7bde7265053364d,0.015638061787219115
ck_c190c7b924edba75,0.03696224198595072
ck_044fa3b3a003f0b5,0.018893348718826194
ck_87eb43e3b9d96169,0.06203172452353778
ck_2d3d6c9364362017,0.0021134159748766976
ck_ac55dc6cbcdf8228,0.007867062160592391
ck_61d7b0568ec5d6cf,0.006068136403814801
ck_89c74feeaffa7d09,0.004332941636049499
ck_93776b0c113f41f0,0.04642667235431816
ck_15e0b679931f7a8d,0.010047967804660256
ck_77b56c49cfdb1d81,0.0817579855811508
ck_73188a826b5f499f,0.013615026461043758
ck_4f463ef25325ddfa,0.15965903827364478
ck_863db2e394dc47d1,0.8923650274261516
ck_d52432ed597f3cc9,0.004653628737432281
ck_04fb61e5739642f8,0.19952192913732275
ck_2e481d75d110c06d,0.05709217016907057
ck_3fa1a523d77cd619,0.010625988598511969
ck_466dc6274fecd708,0.00816171805642569
ck_e1790b3aa2241b10,0.8858747372970704
ck_84ad096a46e1a960,0.02714659075485099
ck_3be72c9c178fa00d,0.02893255944165669
ck_5a17c89219d1d9fe,0.006022401385077481
ck_4f639f4ee6ce8d9e,0.10195896679496864
ck_f4ec4a935e51b4db,0.012322960657240842
ck_f04040a830f92bac,0.0036347797368682495
ck_3e4d02a04be2aaf8,0.014271077208485005
ck_4d1baef193cfb900,0.024112718733072126
ck_0fb3153d37626b75,0.0029138324689611137
ck_88ec57a11b11f702,0.9517045518085794
ck_dca9dc465f759db4,0.004510931069921555
ck_64f5fba6af67e024,0.011575685067002121
ck_896096cb167254ef,0.05978699805610917
ck_7878679065876b98,0.029785750114220348
ck_fe8e5a6c880ceb4e,0.0056873087842679625
ck_a5e036327d3d1862,0.0015880105020310475
ck_310f73940fc4cf4f,0.005246548461212979
ck_46a8db16ad00b749,0.03732875714574523
ck_0d33977c3de8cfaf,0.9899228792774594
ck_c6fff412f531db0f,0.0015406580587685125
ck_bac6dadf428eaea9,0.02082375969672688
ck_1b96d9af0d7da2d5,0.009818395102394755
ck_fa8a4a9e77799fcc,0.0040999658640935915
ck_0bf48607a874b4d1,0.0029196230157585643
ck_eeb75f8a6439f65e,0.022093729635728053
ck_a209a5f7d172125e,0.01302845300846965
ck_8f346b72fb40bf14,0.010992389224416243
ck_bccbf9fef367f00f,0.018864262421643317
ck_2d1548f1ee405cc9,0.0063116448043631325
ck_e8298ff2dc1e9d50,0.007184770210637829
ck_77c0fb524edb4a94,0.014422129448219667
ck_28ac4c5134cb8e77,0.023662452450565072
ck_db23a0e3e54be60c,0.8717538791136014
ck_a059d00cee5cee99,0.005361925480224095
ck_3e9e3bba8bd363af,0.003413057699701954
ck_0428728df24cdab4,0.007546185812837978
ck_88cd35378075c84f,0.0023419603893948203
ck_0174d76398d9dc0f,0.0054216621761280035
ck_3f1287e6c27de0dc,0.0077167022442035165
ck_ff822700f3605e06,0.9922950347435733
ck_4563227b2038ae07,0.20401309098313955
ck_788e78065526ee19,0.03200564828449353
ck_8a16eb584093b12f,0.013736957135824004
ck_cc276f71ab6c08fd,0.055652730267103004
ck_d61d97b21002f3e9,0.0907446465680509
ck_4b2e87d86a5e415c,0.03289010970881828
ck_3e6f35e4500d2f2a,0.003343274982609125
ck_3acdb083e0d8ad61,0.0058856292880040285
ck_cd655202db489010,0.004932179117375197
ck_829cbf5ccda481ae,0.019669307423081497
ck_f5882e6f98b8b4cd,0.005140716267352144
ck_767947540b234add,0.009550572434433099
ck_a6e8e8f535b1f1d1,0.03548438093706737
ck_58412a2674fea506,0.005996382489242335
ck_fae7e518a585fa61,0.040587649368915395
ck_9c60ae6958d68dbd,0.5598165471316328
ck_328696b8f5e54ec6,0.04063682190027387
ck_7df3f8f4f1068d62,0.0050396358773618566
ck_cfadd21458230ef7,0.007680540872717559
ck_7048bedd554c703b,0.002869739350675068
ck_50422466f145bfd7,0.01823481186096839
ck_61e1f7168cd9ff25,0.05449383422400317
ck_733aff0f56f5b3c9,0.020215329752106426
ck_e14892e424180549,0.00534877897094373
ck_03f6664a96de7d0f,0.023026069130903805
ck_b7f4baa2cc82fe61,0.009276240292239364
ck_1e51199a075ca0fa,0.0088213605676453
ck_0e70516fa07cfb17,0.8843822384033156
ck_0f37c554a5057801,0.6311448671225357
ck_5576b725de38d106,0.024967918208288253
ck_82f360df1e9f4eb8,0.019268014399168473
ck_395f3bd4aacd7ca6,0.010095456072225804
ck_5e8e857b63966609,0.5042857600760687
ck_93470896f0804b6b,0.9650239739425029
ck_3be854e42e76569a,0.00706346363800862
ck_0567302c57a2417e,0.07656121583287727
ck_ee535461b5f05539,0.1823314186844299
ck_94a096c36162a153,0.008775032740148285
ck_dfc8f5c141fd7c63,0.010163835487112355
ck_98b34f2d704c1c2a,0.029529722432416364
ck_96dff7a09d45f116,0.014812885833884354
ck_79557434c129ba52,0.003144789573053464
ck_4596624a7c01d501,0.00959732031794658
ck_04e89fbd739243fa,0.002782012688466102
ck_6149ffaf18872dc8,0.002175388281530568
ck_cd78f0832a09bd8f,0.7311776107080079
ck_7e29c10d781c3b41,0.007377453530430856
ck_1f7ee7b23fc6f2f4,0.004576999728442647
ck_c49b685d2b3ab89a,0.005763769001657678
ck_84569a8fc50e73ac,0.014830097618002278
ck_b92b11d205af91eb,0.0035910581260977523
ck_06280e6d6d2485b0,0.005909167401361173
ck_3c08546dd0c92863,0.010838581909311843
ck_99d3983f907828bf,0.0066568573337354294
ck_eccfd552aa652d3c,0.013870935669229716
ck_0cff8153881875ba,0.005230190150687862
ck_c1aebbeca6ab5ff9,0.003661337901162774
ck_538fdbbb3c2bcbbb,0.013762452373041315
ck_8c0210322733c718,0.006519116652338153
ck_0b0c93039f987abc,0.015579162274001723
ck_6d07d6d1bd227d37,0.03830861893756871
ck_9b6ee35e8cd0b11c,0.0037652733873432967
ck_d838491d3d4f5ecf,0.008843987116990793
ck_0593ae243a9ebee9,0.013358412109861221
ck_ef261fc09be8eb0b,0.005411095843336893
ck_d0935b571a4a3868,0.015109697705315001
ck_97d04a67a104af39,0.03761642730278743
ck_e25f70d0b7229420,0.04257137296739779
ck_9b71274ff83de482,0.9829351257408456
ck_6de2aa2bb60978d3,0.023897910696860834
ck_eda55c8fb47593d7,0.012804240015437061
ck_924e572517515f19,0.049811518824639266
ck_d6f27eacbad310f4,0.012024154269099814
ck_8550f229b5eb03ab,0.010777735539622673
ck_e3e95546a84d0ed8,0.019508770767830756
ck_3135c019696ee6af,0.964645839664993
ck_41ba315d8fccb559,0.010342421208653875
ck_72b86e4485da2d0f,0.9439266233435498
ck_daaa995f3c2f0e47,0.009007076609986803
ck_053746067839696b,0.03693133417871139
ck_a15fe7d0f4b65c33,0.6054019385894462
ck_15de11438732bb05,0.006497013110041651
ck_2c4d25acbe3fabd9,0.04816900133605679
ck_7f08078908599bd2,0.05788427891981849
ck_e794741742fb2619,0.017210024645080563
ck_238e53b6dee8c301,0.006880669713623943
ck_53a6a33060d5c8b8,0.003291130556363462
ck_0e0919292ad33472,0.437649774344509
ck_d86ccf148c06c8c8,0.02270738051141614
ck_c881f26c9bf9ae42,0.35871827410652696
ck_4b0947bf94e9d847,0.046495903358738606
ck_e10ff5c38bd18470,0.015097817798347856
ck_b60de9e97aad9e45,0.5452006299872769
ck_190bc849e5ff5401,0.03359221739221621
ck_e7be077aa0b2632c,0.002528231404772083
ck_a51abde881ebeff3,0.03684914349988283
ck_2208392a9f6bd249,0.015717105960671295
ck_0259da8f109017e9,0.006012832131175684
ck_05e01ab9c95449da,0.016862174651448222
ck_c82897ebffb6ae66,0.008908053356631392
ck_b4a6bb4689cd7cfa,0.033268154648932326
ck_9e21ea33018ce538,0.01610317113574513
ck_caa348f0e65db062,0.8644795474543869
ck_a964e6b5d8415334,0.3443494997164863
ck_510bfbbee37ff436,0.017009735127567188
ck_9741a82faf5c7889,0.02564114190826354
ck_e7f61b4a39ba98ac,0.004613361028086294
ck_069d158665a53909,0.013137706002478827
ck_6426427efe3228af,0.015632243783778064
ck_ab4a8d02ec3c0fd7,0.0020858694331243894
ck_aefa0d8d933e0eca,0.034191813818541576
ck_232325ef6bce92f1,0.011628792289488632
ck_14e58c3fb26a2b4d,0.018644742204630405
ck_06e73afdec26aecc,0.05121162448748545
ck_3168f4f2778d64e1,0.009701076467141637
ck_ff3998d6858daa21,0.07732635167935833
ck_bccff46fb0868454,0.11990493292864496
ck_c7d444d90fa86d7c,0.4743479341396057
ck_f0bc3bdee6bfbb94,0.010798694962277495
ck_f7112818a6d81422,0.015219267252602598
ck_aca35dbcb835ad02,0.01955870672023816
ck_f637fabf0f60528f,0.013695598997155889
ck_53d17ab97de1ac3e,0.003270566176030751
ck_c8c1bf16d9113493,0.008583137379954834
ck_e842fb0cf055a83b,0.02729112547365248
ck_93c0cb3dac4891fe,0.009613101143620678
ck_0c1f088e17e46daf,0.027804803389739525
ck_8f4b384955bf57c9,0.007636305965398454
ck_09cd5c4df1e81ac2,0.09990462861576763
ck_1e832a5b2342554f,0.07477266821859332
ck_2cb763a881aee27f,0.005201373761048851
ck_5875828b11406398,0.011750696555639442
ck_48e84b0cb0b90fa7,0.020247210295682435
ck_833688de8629c5c0,0.0042923231118350575
ck_117d78ccd5820f36,0.01096548053947909
ck_668ec61c4c39cae3,0.003865557992777881
ck_73a7794b659d7a34,0.004762250226821768
ck_10f90d879209734f,0.013426533207197009
ck_d1d079913aa158bf,0.006028998125511964
ck_01c631b38e8a9535,0.030943069849346506
ck_f6923088c17a04e2,0.09657184147758117
ck_b447badc9138987d,0.003495887508665431
ck_8b772caed8f1541c,0.011696305186438891
ck_5403c76fe68a08ba,0.18107473432120916
ck_3e6833574edf1736,0.004574146948959143
ck_e527fbb9450a4581,0.9180643704522643
ck_cc90e219f1ebf390,0.0026727502279542143
